Data,Porto/Aeroporto,Nome,Arrivi di Linea,Arrivi non di Linea,Partenze di Linea,Partenze non di Linea
2023-08-28,Porto,Olbia,0.0,13388.0,0.0,23239.0
2023-08-27,Porto,Olbia,0.0,10623.0,0.0,20170.0
2023-08-26,Porto,Olbia,0.0,12510.0,0.0,20887.0
2023-08-25,Porto,Olbia,0.0,9885.0,0.0,19271.0
2023-08-24,Porto,Olbia,0.0,8416.0,0.0,17173.0
2023-08-23,Porto,Olbia,0.0,8077.0,0.0,17797.0
2023-08-22,Porto,Olbia,0.0,10245.0,0.0,16462.0
2023-08-21,Porto,Olbia,0.0,12731.0,0.0,17932.0
2023-08-20,Porto,Olbia,0.0,12646.0,0.0,20634.0
2023-08-19,Porto,Olbia,0.0,14144.0,0.0,19491.0
2023-08-18,Porto,Olbia,0.0,12849.0,0.0,18055.0
2023-08-17,Porto,Olbia,0.0,13431.0,0.0,16434.0
2023-08-16,Porto,Olbia,0.0,12792.0,0.0,15761.0
2023-08-15,Porto,Olbia,0.0,12488.0,0.0,12037.0
2023-08-14,Porto,Olbia,0.0,16314.0,0.0,13640.0
2023-08-13,Porto,Olbia,0.0,17614.0,0.0,15349.0
2023-08-12,Porto,Olbia,0.0,19652.0,0.0,15899.0
2023-08-11,Porto,Olbia,0.0,17852.0,0.0,11846.0
2023-08-10,Porto,Olbia,0.0,16211.0,0.0,11312.0
2023-08-09,Porto,Olbia,0.0,16758.0,0.0,9411.0
2023-08-08,Porto,Olbia,0.0,17104.0,0.0,9562.0
2023-08-07,Porto,Olbia,0.0,18946.0,0.0,10581.0
2023-08-06,Porto,Olbia,0.0,22017.0,0.0,15401.0
2023-08-05,Porto,Olbia,0.0,21798.0,0.0,15337.0
2023-08-04,Porto,Olbia,0.0,19942.0,0.0,12630.0
2023-08-03,Porto,Olbia,0.0,14163.0,0.0,10029.0
2023-08-02,Porto,Olbia,0.0,14942.0,0.0,9881.0
2023-08-01,Porto,Olbia,0.0,15864.0,0.0,10968.0
2023-07-31,Porto,Olbia,0.0,15245.0,0.0,13481.0
2023-07-30,Porto,Olbia,0.0,16820.0,0.0,16976.0
2023-07-29,Porto,Olbia,0.0,18158.0,0.0,16650.0
2023-07-28,Porto,Olbia,0.0,14814.0,0.0,13818.0
2023-07-27,Porto,Olbia,0.0,12553.0,0.0,11620.0
2023-07-26,Porto,Olbia,0.0,13004.0,0.0,11379.0
2023-07-25,Porto,Olbia,0.0,11646.0,0.0,9664.0
2023-07-24,Porto,Olbia,0.0,12987.0,0.0,10590.0
2023-07-23,Porto,Olbia,0.0,14346.0,0.0,14236.0
2023-07-22,Porto,Olbia,0.0,16245.0,0.0,13681.0
2023-07-21,Porto,Olbia,0.0,13116.0,0.0,11488.0
2023-07-20,Porto,Olbia,0.0,10367.0,0.0,9348.0
2023-07-19,Porto,Olbia,0.0,10193.0,0.0,7498.0
2023-07-18,Porto,Olbia,0.0,12117.0,0.0,8133.0
2023-07-17,Porto,Olbia,0.0,14822.0,0.0,10165.0
2023-07-16,Porto,Olbia,0.0,15965.0,0.0,13580.0
2023-07-15,Porto,Olbia,0.0,17050.0,0.0,14857.0
2023-07-14,Porto,Olbia,0.0,13672.0,0.0,12655.0
2023-07-13,Porto,Olbia,0.0,9907.0,0.0,9733.0
2023-07-12,Porto,Olbia,0.0,9130.0,0.0,7775.0
2023-07-11,Porto,Olbia,0.0,10214.0,0.0,7511.0
2023-07-10,Porto,Olbia,0.0,12322.0,0.0,9531.0
2023-07-09,Porto,Olbia,0.0,13890.0,0.0,12885.0
2023-07-08,Porto,Olbia,0.0,15265.0,0.0,13303.0
2023-07-07,Porto,Olbia,0.0,12680.0,0.0,10154.0
2023-07-06,Porto,Olbia,0.0,9816.0,0.0,7455.0
2023-07-05,Porto,Olbia,0.0,10019.0,0.0,6120.0
2023-07-04,Porto,Olbia,0.0,10706.0,0.0,6214.0
2023-07-03,Porto,Olbia,0.0,13351.0,0.0,8128.0
2023-07-02,Porto,Olbia,0.0,15471.0,0.0,12948.0
2023-07-01,Porto,Olbia,0.0,16065.0,0.0,13336.0
2023-06-30,Porto,Olbia,0.0,13758.0,0.0,10768.0
2023-06-29,Porto,Olbia,0.0,11484.0,0.0,8799.0
2023-06-28,Porto,Olbia,0.0,8771.0,0.0,6006.0
2023-06-27,Porto,Olbia,0.0,10012.0,0.0,7914.0
2023-06-26,Porto,Olbia,0.0,9925.0,0.0,6563.0
2023-06-25,Porto,Olbia,0.0,13109.0,0.0,11111.0
2023-06-24,Porto,Olbia,0.0,15434.0,0.0,11553.0
2023-06-23,Porto,Olbia,0.0,12718.0,0.0,7915.0
2023-06-22,Porto,Olbia,0.0,8637.0,0.0,6019.0
2023-06-21,Porto,Olbia,0.0,7485.0,0.0,4554.0
2023-06-20,Porto,Olbia,0.0,8199.0,0.0,5189.0
2023-06-19,Porto,Olbia,0.0,8873.0,0.0,5289.0
2023-06-18,Porto,Olbia,0.0,10377.0,0.0,8680.0
2023-06-17,Porto,Olbia,0.0,13431.0,0.0,9647.0
2023-06-16,Porto,Olbia,0.0,9520.0,0.0,6127.0
2023-06-15,Porto,Olbia,0.0,8233.0,0.0,4939.0
2023-06-14,Porto,Olbia,0.0,5354.0,0.0,3518.0
2023-06-13,Porto,Olbia,0.0,6379.0,0.0,3969.0
2023-06-12,Porto,Olbia,0.0,6561.0,0.0,3339.0
2023-06-11,Porto,Olbia,0.0,9219.0,0.0,7461.0
2023-06-10,Porto,Olbia,0.0,11514.0,0.0,9817.0
2023-06-09,Porto,Olbia,0.0,6547.0,0.0,7472.0
2023-06-08,Porto,Olbia,0.0,5673.0,0.0,6679.0
2023-06-07,Porto,Olbia,0.0,3498.0,0.0,3679.0
2023-06-06,Porto,Olbia,0.0,5097.0,0.0,3506.0
2023-06-05,Porto,Olbia,0.0,5154.0,0.0,5415.0
2023-06-04,Porto,Olbia,0.0,6302.0,0.0,9323.0
2023-06-03,Porto,Olbia,0.0,6703.0,0.0,4912.0
2023-06-02,Porto,Olbia,0.0,10430.0,0.0,3760.0
2023-06-01,Porto,Olbia,0.0,8531.0,0.0,3129.0
2023-05-31,Porto,Olbia,0.0,5037.0,0.0,2560.0
2023-05-30,Porto,Olbia,0.0,5528.0,0.0,2374.0
2023-05-29,Porto,Olbia,0.0,5607.0,0.0,2585.0
2023-05-28,Porto,Olbia,0.0,8113.0,0.0,4146.0
2023-05-27,Porto,Olbia,0.0,6636.0,0.0,2903.0
2023-05-26,Porto,Olbia,0.0,4567.0,0.0,3147.0
2023-05-25,Porto,Olbia,0.0,4147.0,0.0,2899.0
2023-05-24,Porto,Olbia,0.0,2178.0,0.0,1636.0
2023-05-23,Porto,Olbia,0.0,3773.0,0.0,1871.0
2023-05-22,Porto,Olbia,0.0,3151.0,0.0,1696.0
2023-05-21,Porto,Olbia,0.0,3098.0,0.0,2762.0
2023-05-20,Porto,Olbia,0.0,3294.0,0.0,2283.0
2023-05-19,Porto,Olbia,0.0,3777.0,0.0,3362.0
2023-05-18,Porto,Olbia,0.0,2569.0,0.0,2184.0
2023-05-17,Porto,Olbia,0.0,2617.0,0.0,1943.0
2023-05-16,Porto,Olbia,0.0,2602.0,0.0,1502.0
2023-05-15,Porto,Olbia,0.0,3941.0,0.0,1681.0
2023-05-14,Porto,Olbia,0.0,2245.0,0.0,1786.0
2023-05-13,Porto,Olbia,0.0,3211.0,0.0,2165.0
2023-05-12,Porto,Olbia,0.0,2599.0,0.0,2245.0
2023-05-11,Porto,Olbia,0.0,2005.0,0.0,1703.0
2023-05-10,Porto,Olbia,0.0,1794.0,0.0,1337.0
2023-05-09,Porto,Olbia,0.0,2247.0,0.0,1550.0
2023-05-08,Porto,Olbia,0.0,2578.0,0.0,1493.0
2023-05-07,Porto,Olbia,0.0,1732.0,0.0,1845.0
2023-05-06,Porto,Olbia,0.0,1966.0,0.0,2230.0
2023-05-05,Porto,Olbia,0.0,1916.0,0.0,2512.0
2023-05-04,Porto,Olbia,0.0,1650.0,0.0,1768.0
2023-05-03,Porto,Olbia,0.0,2262.0,0.0,930.0
2023-05-02,Porto,Olbia,0.0,2291.0,0.0,2568.0
2023-05-01,Porto,Olbia,0.0,2929.0,0.0,2653.0
2023-04-30,Porto,Olbia,0.0,4252.0,0.0,6012.0
2023-04-29,Porto,Olbia,0.0,6788.0,0.0,5234.0
2023-04-28,Porto,Olbia,0.0,6632.0,0.0,5228.0
2023-04-27,Porto,Olbia,0.0,4370.0,0.0,3972.0
2023-04-26,Porto,Olbia,0.0,4216.0,0.0,3714.0
2023-04-25,Porto,Olbia,0.0,4412.0,0.0,8828.0
2023-04-24,Porto,Olbia,0.0,6366.0,0.0,5534.0
2023-04-23,Porto,Olbia,0.0,6062.0,0.0,2718.0
2023-04-22,Porto,Olbia,0.0,9470.0,0.0,3648.0
2023-04-20,Porto,Olbia,0.0,3.0,0.0,411.0
2023-04-19,Porto,Olbia,0.0,1697.0,0.0,1098.0
2023-04-18,Porto,Olbia,0.0,67.0,0.0,280.0
2023-04-17,Porto,Olbia,0.0,198.0,0.0,321.0
2023-04-16,Porto,Olbia,0.0,281.0,0.0,1132.0
2023-04-15,Porto,Olbia,0.0,3.0,0.0,1506.0
2023-04-14,Porto,Olbia,0.0,73.0,0.0,673.0
2023-04-13,Porto,Olbia,0.0,109.0,0.0,428.0
2023-04-12,Porto,Olbia,0.0,65.0,0.0,474.0
2023-04-11,Porto,Olbia,0.0,151.0,0.0,689.0
2023-04-10,Porto,Olbia,0.0,173.0,0.0,932.0
2023-04-09,Porto,Olbia,0.0,167.0,0.0,972.0
2023-04-08,Porto,Olbia,0.0,4.0,0.0,560.0
2023-04-07,Porto,Olbia,0.0,644.0,0.0,555.0
2023-04-06,Porto,Olbia,0.0,556.0,0.0,309.0
2023-04-05,Porto,Olbia,0.0,184.0,0.0,316.0
2023-04-04,Porto,Olbia,0.0,114.0,0.0,216.0
2023-04-03,Porto,Olbia,0.0,270.0,0.0,247.0
2023-04-02,Porto,Olbia,0.0,1.0,0.0,631.0
2023-04-01,Porto,Olbia,0.0,432.0,0.0,706.0
2023-03-31,Porto,Olbia,0.0,62.0,0.0,343.0
2023-03-30,Porto,Olbia,0.0,49.0,0.0,349.0
2023-03-29,Porto,Olbia,0.0,34.0,0.0,266.0
2023-03-28,Porto,Olbia,0.0,23.0,0.0,247.0
2023-03-27,Porto,Olbia,0.0,110.0,0.0,401.0
2023-03-26,Porto,Olbia,0.0,263.0,0.0,798.0
2023-03-25,Porto,Olbia,0.0,349.0,0.0,739.0
2023-03-24,Porto,Olbia,0.0,22.0,0.0,277.0
2023-03-23,Porto,Olbia,0.0,37.0,0.0,256.0
2023-03-22,Porto,Olbia,0.0,32.0,0.0,281.0
2023-03-21,Porto,Olbia,0.0,38.0,0.0,237.0
2023-03-20,Porto,Olbia,0.0,83.0,0.0,270.0
2023-03-19,Porto,Olbia,0.0,277.0,0.0,818.0
2023-03-18,Porto,Olbia,0.0,2.0,0.0,670.0
2023-03-17,Porto,Olbia,0.0,32.0,0.0,432.0
2023-03-16,Porto,Olbia,0.0,32.0,0.0,238.0
2023-03-15,Porto,Olbia,0.0,32.0,0.0,208.0
2023-03-14,Porto,Olbia,0.0,48.0,0.0,195.0
2023-03-13,Porto,Olbia,0.0,84.0,0.0,289.0
2023-03-12,Porto,Olbia,0.0,159.0,0.0,597.0
2023-03-11,Porto,Olbia,0.0,760.0,0.0,600.0
2023-03-10,Porto,Olbia,0.0,43.0,0.0,275.0
2023-03-09,Porto,Olbia,0.0,27.0,0.0,261.0
2023-03-08,Porto,Olbia,0.0,34.0,0.0,194.0
2023-03-07,Porto,Olbia,0.0,26.0,0.0,162.0
2023-03-06,Porto,Olbia,0.0,90.0,0.0,1.0
2023-03-05,Porto,Olbia,0.0,170.0,0.0,458.0
2023-03-04,Porto,Olbia,0.0,262.0,0.0,575.0
2023-03-03,Porto,Olbia,0.0,22.0,0.0,302.0
2023-03-02,Porto,Olbia,0.0,13.0,0.0,200.0
2023-03-01,Porto,Olbia,0.0,11.0,0.0,177.0
2023-02-28,Porto,Olbia,0.0,16.0,0.0,187.0
2023-02-27,Porto,Olbia,0.0,87.0,0.0,221.0
2023-02-26,Porto,Olbia,0.0,143.0,0.0,567.0
2023-02-25,Porto,Olbia,0.0,1.0,0.0,747.0
2023-02-24,Porto,Olbia,0.0,13.0,0.0,304.0
2023-02-23,Porto,Olbia,0.0,45.0,0.0,280.0
2023-02-22,Porto,Olbia,0.0,15.0,0.0,202.0
2023-02-21,Porto,Olbia,0.0,24.0,0.0,214.0
2023-02-20,Porto,Olbia,0.0,68.0,0.0,254.0
2023-02-19,Porto,Olbia,0.0,246.0,0.0,651.0
2023-02-18,Porto,Olbia,0.0,321.0,0.0,661.0
2023-02-17,Porto,Olbia,0.0,20.0,0.0,238.0
2023-02-16,Porto,Olbia,0.0,27.0,0.0,242.0
2023-02-15,Porto,Olbia,0.0,4.0,0.0,540.0
2023-02-14,Porto,Olbia,0.0,21.0,0.0,171.0
2023-02-13,Porto,Olbia,0.0,56.0,0.0,209.0
2023-02-12,Porto,Olbia,0.0,1.0,0.0,455.0
2023-02-11,Porto,Olbia,0.0,192.0,0.0,616.0
2023-02-10,Porto,Olbia,0.0,19.0,0.0,189.0
2023-02-09,Porto,Olbia,0.0,13.0,0.0,195.0
2023-02-08,Porto,Olbia,0.0,15.0,0.0,156.0
2023-02-07,Porto,Olbia,0.0,14.0,0.0,161.0
2023-02-06,Porto,Olbia,0.0,47.0,0.0,197.0
2023-02-05,Porto,Olbia,0.0,138.0,0.0,389.0
2023-02-04,Porto,Olbia,0.0,184.0,0.0,644.0
2023-02-03,Porto,Olbia,0.0,190.0,0.0,11.0
2023-02-02,Porto,Olbia,0.0,192.0,0.0,7.0
2023-02-01,Porto,Olbia,0.0,5.0,0.0,163.0
2023-01-31,Porto,Olbia,0.0,14.0,0.0,34.0
2023-01-30,Porto,Olbia,0.0,64.0,0.0,59.0
2023-01-29,Porto,Olbia,0.0,133.0,0.0,470.0
2023-01-28,Porto,Olbia,0.0,194.0,0.0,358.0
2023-01-27,Porto,Olbia,0.0,192.0,0.0,14.0
2023-01-26,Porto,Olbia,0.0,195.0,0.0,16.0
2023-01-25,Porto,Olbia,0.0,6.0,0.0,17.0
2023-01-24,Porto,Olbia,0.0,13.0,0.0,18.0
2023-01-23,Porto,Olbia,0.0,61.0,0.0,53.0
2023-01-22,Porto,Olbia,0.0,136.0,0.0,327.0
2023-01-21,Porto,Olbia,0.0,213.0,0.0,176.0
2023-01-20,Porto,Olbia,0.0,195.0,0.0,22.0
2023-01-19,Porto,Olbia,0.0,207.0,0.0,12.0
2023-01-18,Porto,Olbia,0.0,154.0,0.0,12.0
2023-01-17,Porto,Olbia,0.0,185.0,0.0,230.0
2023-01-16,Porto,Olbia,0.0,63.0,0.0,69.0
2023-01-15,Porto,Olbia,0.0,217.0,0.0,400.0
2023-01-14,Porto,Olbia,0.0,195.0,0.0,620.0
2023-01-13,Porto,Olbia,0.0,178.0,0.0,16.0
2023-01-12,Porto,Olbia,0.0,199.0,0.0,8.0
2023-01-11,Porto,Olbia,0.0,4.0,0.0,15.0
2023-01-10,Porto,Olbia,0.0,22.0,0.0,19.0
2023-01-09,Porto,Olbia,0.0,461.0,0.0,157.0
2023-01-08,Porto,Olbia,0.0,672.0,0.0,1247.0
2023-01-07,Porto,Olbia,0.0,344.0,0.0,1848.0
2023-01-06,Porto,Olbia,0.0,401.0,0.0,2561.0
2023-01-05,Porto,Olbia,0.0,257.0,0.0,91.0
2023-01-04,Porto,Olbia,0.0,5.0,0.0,175.0
2023-01-03,Porto,Olbia,0.0,24.0,0.0,332.0
2023-01-02,Porto,Olbia,0.0,1110.0,0.0,1990.0
2023-01-01,Porto,Olbia,0.0,87.0,0.0,1371.0
2022-12-31,Porto,Olbia,0.0,596.0,0.0,116.0
2022-12-30,Porto,Olbia,0.0,0.0,1734.0,341.0
2022-12-29,Porto,Olbia,0.0,0.0,1873.0,52.0
2022-12-28,Porto,Olbia,0.0,0.0,1991.0,41.0
2022-12-27,Porto,Olbia,0.0,0.0,1600.0,247.0
2022-12-26,Porto,Olbia,0.0,0.0,1480.0,258.0
2022-12-25,Porto,Olbia,0.0,0.0,104.0,465.0
2022-12-24,Porto,Olbia,0.0,0.0,107.0,62.0
2022-12-23,Porto,Olbia,0.0,0.0,1810.0,182.0
2022-12-22,Porto,Olbia,0.0,392.0,0.0,34.0
2022-12-21,Porto,Olbia,0.0,2.0,0.0,120.0
2022-12-20,Porto,Olbia,0.0,18.0,0.0,14.0
2022-12-19,Porto,Olbia,0.0,97.0,0.0,78.0
2022-12-18,Porto,Olbia,0.0,190.0,0.0,459.0
2022-12-17,Porto,Olbia,0.0,320.0,0.0,700.0
2022-12-16,Porto,Olbia,0.0,175.0,0.0,16.0
2022-12-15,Porto,Olbia,0.0,216.0,0.0,4.0
2022-12-14,Porto,Olbia,0.0,6.0,0.0,41.0
2022-12-13,Porto,Olbia,0.0,10.0,0.0,20.0
2022-12-12,Porto,Olbia,0.0,116.0,0.0,153.0
2022-12-11,Porto,Olbia,0.0,314.0,0.0,465.0
2022-12-10,Porto,Olbia,0.0,214.0,0.0,1010.0
2022-12-09,Porto,Olbia,0.0,175.0,0.0,60.0
2022-12-08,Porto,Olbia,0.0,363.0,0.0,483.0
2022-12-07,Porto,Olbia,0.0,252.0,0.0,17.0
2022-12-06,Porto,Olbia,0.0,8.0,0.0,13.0
2022-12-05,Porto,Olbia,0.0,72.0,0.0,102.0
2022-12-04,Porto,Olbia,0.0,164.0,0.0,619.0
2022-12-03,Porto,Olbia,0.0,268.0,0.0,554.0
2022-12-02,Porto,Olbia,0.0,171.0,0.0,14.0
2022-12-01,Porto,Olbia,0.0,237.0,0.0,14.0
2022-11-30,Porto,Olbia,0.0,165.0,0.0,13.0
2022-11-29,Porto,Olbia,0.0,195.0,0.0,12.0
2022-11-28,Porto,Olbia,0.0,384.0,0.0,98.0
2022-11-27,Porto,Olbia,0.0,136.0,0.0,469.0
2022-11-26,Porto,Olbia,0.0,242.0,0.0,678.0
2022-11-25,Porto,Olbia,0.0,183.0,0.0,12.0
2022-11-24,Porto,Olbia,0.0,215.0,0.0,12.0
2022-11-23,Porto,Olbia,0.0,10.0,0.0,57.0
2022-11-22,Porto,Olbia,0.0,16.0,0.0,183.0
2022-11-21,Porto,Olbia,0.0,97.0,0.0,219.0
2022-11-20,Porto,Olbia,0.0,150.0,0.0,926.0
2022-11-19,Porto,Olbia,0.0,258.0,0.0,615.0
2022-11-18,Porto,Olbia,0.0,182.0,0.0,20.0
2022-11-17,Porto,Olbia,0.0,3.0,0.0,7.0
2022-11-16,Porto,Olbia,145.0,26.0,8.0,8.0
2022-11-15,Porto,Olbia,16.0,0.0,7.0,0.0
2022-11-14,Porto,Olbia,79.0,0.0,109.0,0.0
2022-11-13,Porto,Olbia,1.0,0.0,638.0,0.0
2022-11-12,Porto,Olbia,231.0,0.0,941.0,0.0
2022-11-11,Porto,Olbia,181.0,0.0,3.0,0.0
2022-11-10,Porto,Olbia,194.0,0.0,17.0,0.0
2022-11-09,Porto,Olbia,209.0,0.0,27.0,0.0
2022-11-08,Porto,Olbia,273.0,0.0,11.0,0.0
2022-11-07,Porto,Olbia,129.0,0.0,131.0,0.0
2022-11-06,Porto,Olbia,303.0,0.0,869.0,0.0
2022-11-05,Porto,Olbia,307.0,0.0,1306.0,0.0
2022-11-04,Porto,Olbia,220.0,0.0,7.0,0.0
2022-11-03,Porto,Olbia,245.0,0.0,25.0,0.0
2022-11-02,Porto,Olbia,270.0,0.0,335.0,0.0
2022-11-01,Porto,Olbia,1113.0,0.0,2753.0,0.0
2022-10-31,Porto,Olbia,1490.0,0.0,3057.0,0.0
2022-10-30,Porto,Olbia,2167.0,0.0,1920.0,0.0
2022-10-29,Porto,Olbia,3347.0,0.0,2756.0,0.0
2022-10-28,Porto,Olbia,2148.0,0.0,3983.0,0.0
2022-10-27,Porto,Olbia,271.0,0.0,22.0,0.0
2022-10-26,Porto,Olbia,2.0,0.0,245.0,0.0
2022-10-25,Porto,Olbia,18.0,0.0,23.0,0.0
2022-10-24,Porto,Olbia,911.0,160.0,293.0,2.0
2022-10-23,Porto,Olbia,455.0,0.0,1062.0,13.0
2022-10-22,Porto,Olbia,394.0,0.0,1254.0,0.0
2022-10-21,Porto,Olbia,312.0,0.0,57.0,0.0
2022-10-20,Porto,Olbia,281.0,0.0,25.0,0.0
2022-10-19,Porto,Olbia,18.0,0.0,25.0,0.0
2022-10-18,Porto,Olbia,25.0,0.0,28.0,0.0
2022-10-17,Porto,Olbia,221.0,0.0,426.0,0.0
2022-10-16,Porto,Olbia,209.0,0.0,1889.0,0.0
2022-10-15,Porto,Olbia,430.0,0.0,1155.0,0.0
2022-10-14,Porto,Olbia,296.0,138.0,476.0,139.0
2022-10-13,Porto,Olbia,262.0,3.0,23.0,3.0
2022-10-12,Porto,Olbia,20.0,0.0,31.0,0.0
2022-10-11,Porto,Olbia,20.0,0.0,15.0,0.0
2022-10-10,Porto,Olbia,606.0,0.0,509.0,0.0
2022-10-09,Porto,Olbia,227.0,0.0,1087.0,0.0
2022-10-08,Porto,Olbia,773.0,0.0,2555.0,0.0
2022-10-07,Porto,Olbia,294.0,0.0,36.0,0.0
2022-10-06,Porto,Olbia,250.0,0.0,10.0,0.0
2022-10-05,Porto,Olbia,1959.0,0.0,3343.0,0.0
2022-10-04,Porto,Olbia,2757.0,152.0,3167.0,133.0
2022-10-03,Porto,Olbia,4311.0,0.0,4087.0,0.0
2022-10-02,Porto,Olbia,4641.0,0.0,4661.0,0.0
2022-10-01,Porto,Olbia,4389.0,0.0,6664.0,0.0
2022-09-30,Porto,Olbia,2649.0,0.0,5771.0,0.0
2022-09-29,Porto,Olbia,2708.0,0.0,4850.0,0.0
2022-09-28,Porto,Olbia,2829.0,0.0,4579.0,617.0
2022-09-27,Porto,Olbia,3212.0,0.0,4263.0,0.0
2022-09-26,Porto,Olbia,3690.0,0.0,3883.0,0.0
2022-09-25,Porto,Olbia,3734.0,310.0,6319.0,1442.0
2022-09-24,Porto,Olbia,4571.0,523.0,8866.0,1364.0
2022-09-23,Porto,Olbia,2636.0,357.0,5438.0,870.0
2022-09-22,Porto,Olbia,2565.0,378.0,5840.0,556.0
2022-09-21,Porto,Olbia,2556.0,336.0,4804.0,578.0
2022-09-20,Porto,Olbia,3526.0,380.0,4836.0,889.0
2022-09-19,Porto,Olbia,4253.0,586.0,5276.0,1033.0
2022-09-18,Porto,Olbia,5027.0,671.0,8172.0,1672.0
2022-09-17,Porto,Olbia,7627.0,685.0,12172.0,1487.0
2022-09-16,Porto,Olbia,3528.0,670.0,5953.0,1047.0
2022-09-15,Porto,Olbia,3717.0,666.0,6563.0,926.0
2022-09-14,Porto,Olbia,3128.0,749.0,5265.0,866.0
2022-09-13,Porto,Olbia,5207.0,791.0,7015.0,1301.0
2022-09-12,Porto,Olbia,5563.0,854.0,6448.0,1646.0
2022-09-11,Porto,Olbia,7524.0,805.0,13249.0,1749.0
2022-09-10,Porto,Olbia,8753.0,831.0,14673.0,1705.0
2022-09-09,Porto,Olbia,4888.0,680.0,10945.0,1247.0
2022-09-08,Porto,Olbia,4352.0,668.0,10667.0,1447.0
2022-09-07,Porto,Olbia,4132.0,637.0,9764.0,1264.0
2022-09-06,Porto,Olbia,6688.0,904.0,9791.0,1420.0
2022-09-05,Porto,Olbia,7911.0,1044.0,10642.0,1565.0
2022-09-04,Porto,Olbia,9486.0,1234.0,13650.0,1799.0
2022-09-03,Porto,Olbia,12190.0,1395.0,14397.0,1597.0
2022-09-02,Porto,Olbia,8160.0,1336.0,10859.0,1849.0
2022-09-01,Porto,Olbia,8428.0,921.0,11822.0,1465.0
2022-08-31,Porto,Olbia,5497.0,906.0,12972.0,2069.0
2022-08-30,Porto,Olbia,6603.0,1027.0,14813.0,1635.0
2022-08-29,Porto,Olbia,7773.0,1074.0,14363.0,1663.0
2022-08-28,Porto,Olbia,8570.0,965.0,17089.0,1864.0
2022-08-27,Porto,Olbia,10885.0,1092.0,18246.0,1709.0
2022-08-26,Porto,Olbia,7618.0,925.0,15370.0,2188.0
2022-08-25,Porto,Olbia,6569.0,1313.0,14621.0,1787.0
2022-08-24,Porto,Olbia,5966.0,1055.0,14658.0,2150.0
2022-08-23,Porto,Olbia,8542.0,1344.0,14347.0,1216.0
2022-08-22,Porto,Olbia,8853.0,1224.0,13419.0,1476.0
2022-08-21,Porto,Olbia,10094.0,1333.0,17830.0,1707.0
2022-08-20,Porto,Olbia,12283.0,1379.0,17151.0,1559.0
2022-08-19,Porto,Olbia,10231.0,1227.0,15531.0,2033.0
2022-08-18,Porto,Olbia,10455.0,1649.0,14811.0,1585.0
2022-08-17,Porto,Olbia,11237.0,1727.0,13121.0,2139.0
2022-08-16,Porto,Olbia,10790.0,1245.0,12301.0,1172.0
2022-08-15,Porto,Olbia,9849.0,1649.0,9487.0,1375.0
2022-08-14,Porto,Olbia,14392.0,1801.0,12581.0,1660.0
2022-08-13,Porto,Olbia,17089.0,1879.0,14436.0,1692.0
2022-08-12,Porto,Olbia,11740.0,1574.0,10155.0,1815.0
2022-08-11,Porto,Olbia,12892.0,1415.0,9648.0,911.0
2022-08-10,Porto,Olbia,13832.0,1897.0,8171.0,1425.0
2022-08-09,Porto,Olbia,13736.0,1295.0,7507.0,866.0
2022-08-08,Porto,Olbia,14182.0,1653.0,8565.0,1231.0
2022-08-07,Porto,Olbia,17560.0,1910.0,12291.0,1768.0
2022-08-06,Porto,Olbia,17509.0,1728.0,10881.0,1638.0
2022-08-05,Porto,Olbia,14362.0,1318.0,9423.0,1386.0
2022-08-04,Porto,Olbia,12901.0,1509.0,8968.0,887.0
2022-08-03,Porto,Olbia,11146.0,1486.0,7702.0,1334.0
2022-08-02,Porto,Olbia,12380.0,1254.0,8010.0,788.0
2022-08-01,Porto,Olbia,12935.0,1584.0,9877.0,1351.0
2022-07-31,Porto,Olbia,14689.0,1599.0,14538.0,1898.0
2022-07-30,Porto,Olbia,14834.0,1467.0,14556.0,1611.0
2022-07-29,Porto,Olbia,11947.0,1172.0,10719.0,1454.0
2022-07-28,Porto,Olbia,10830.0,1426.0,10761.0,1101.0
2022-07-27,Porto,Olbia,9093.0,1148.0,8218.0,1410.0
2022-07-26,Porto,Olbia,9663.0,1490.0,7511.0,882.0
2022-07-25,Porto,Olbia,10771.0,1317.0,7841.0,1252.0
2022-07-24,Porto,Olbia,12297.0,1445.0,10883.0,1513.0
2022-07-23,Porto,Olbia,13103.0,1478.0,11231.0,1309.0
2022-07-22,Porto,Olbia,10556.0,1097.0,9086.0,1141.0
2022-07-21,Porto,Olbia,8773.0,1020.0,7857.0,871.0
2022-07-20,Porto,Olbia,8753.0,1199.0,6241.0,817.0
2022-07-19,Porto,Olbia,10519.0,990.0,6263.0,639.0
2022-07-18,Porto,Olbia,11307.0,1402.0,7695.0,994.0
2022-07-17,Porto,Olbia,13061.0,1393.0,10801.0,1656.0
2022-07-16,Porto,Olbia,13341.0,1761.0,11433.0,1655.0
2022-07-15,Porto,Olbia,11254.0,1070.0,9540.0,1353.0
2022-07-14,Porto,Olbia,9009.0,981.0,8743.0,887.0
2022-07-13,Porto,Olbia,7331.0,883.0,6066.0,927.0
2022-07-12,Porto,Olbia,8998.0,1022.0,6121.0,658.0
2022-07-11,Porto,Olbia,9705.0,1184.0,6895.0,993.0
2022-07-10,Porto,Olbia,10971.0,1314.0,9666.0,1513.0
2022-07-09,Porto,Olbia,12047.0,1341.0,10573.0,1340.0
2022-07-08,Porto,Olbia,9599.0,964.0,7805.0,947.0
2022-07-07,Porto,Olbia,7493.0,907.0,6236.0,667.0
2022-07-06,Porto,Olbia,7377.0,1104.0,4189.0,752.0
2022-07-05,Porto,Olbia,9202.0,916.0,4990.0,553.0
2022-07-04,Porto,Olbia,9773.0,1130.0,5790.0,795.0
2022-07-03,Porto,Olbia,11766.0,1159.0,9010.0,1555.0
2022-07-02,Porto,Olbia,12839.0,1400.0,10602.0,1327.0
2022-07-01,Porto,Olbia,12027.0,1067.0,7421.0,756.0
2022-06-30,Porto,Olbia,0.0,0.0,7257.0,784.0
2022-06-29,Porto,Olbia,7541.0,1088.0,5569.0,771.0
2022-06-28,Porto,Olbia,7684.0,1022.0,5273.0,464.0
2022-06-27,Porto,Olbia,8055.0,1103.0,5485.0,696.0
2022-06-26,Porto,Olbia,9615.0,1147.0,8587.0,1265.0
2022-06-25,Porto,Olbia,11297.0,1288.0,8370.0,1323.0
2022-06-24,Porto,Olbia,9511.0,950.0,6289.0,497.0
2022-06-23,Porto,Olbia,6968.0,916.0,4665.0,417.0
2022-06-22,Porto,Olbia,5622.0,769.0,3373.0,303.0
2022-06-21,Porto,Olbia,6722.0,803.0,3692.0,312.0
2022-06-20,Porto,Olbia,7578.0,988.0,4350.0,634.0
2022-06-19,Porto,Olbia,9526.0,1058.0,6764.0,1163.0
2022-06-18,Porto,Olbia,10878.0,1166.0,8924.0,836.0
2022-06-17,Porto,Olbia,8951.0,921.0,7177.0,496.0
2022-06-16,Porto,Olbia,7233.0,769.0,6432.0,331.0
2022-06-15,Porto,Olbia,4838.0,693.0,3703.0,213.0
2022-06-14,Porto,Olbia,5276.0,674.0,3248.0,326.0
2022-06-13,Porto,Olbia,6041.0,896.0,3082.0,486.0
2022-06-12,Porto,Olbia,6289.0,892.0,4057.0,931.0
2022-06-11,Porto,Olbia,8588.0,1012.0,5005.0,707.0
2022-06-10,Porto,Olbia,5660.0,754.0,3679.0,227.0
2022-06-09,Porto,Olbia,4643.0,630.0,3627.0,207.0
2022-06-08,Porto,Olbia,3444.0,561.0,2264.0,227.0
2022-06-07,Porto,Olbia,5078.0,618.0,2567.0,258.0
2022-06-06,Porto,Olbia,5410.0,770.0,4116.0,780.0
2022-06-05,Porto,Olbia,7513.0,723.0,10486.0,1471.0
2022-06-04,Porto,Olbia,7550.0,685.0,6220.0,615.0
2022-06-03,Porto,Olbia,5178.0,776.0,3225.0,155.0
2022-06-02,Porto,Olbia,10147.0,1332.0,2294.0,230.0
2022-06-01,Porto,Olbia,6681.0,0.0,2535.0,0.0
2022-05-31,Porto,Olbia,4049.0,0.0,2146.0,0.0
2022-05-30,Porto,Olbia,3936.0,0.0,1964.0,0.0
2022-05-29,Porto,Olbia,4223.0,0.0,2693.0,0.0
2022-05-28,Porto,Olbia,5549.0,0.0,3120.0,0.0
2022-05-27,Porto,Olbia,4763.0,0.0,3074.0,0.0
2022-05-26,Porto,Olbia,2998.0,2.0,2069.0,8.0
2022-05-25,Porto,Olbia,2689.0,0.0,1849.0,0.0
2022-05-24,Porto,Olbia,2693.0,0.0,1390.0,0.0
2022-05-23,Porto,Olbia,3689.0,0.0,1901.0,0.0
2022-05-22,Porto,Olbia,2675.0,0.0,1853.0,0.0
2022-05-21,Porto,Olbia,3580.0,0.0,2392.0,2.0
2022-05-20,Porto,Olbia,2583.0,0.0,2091.0,0.0
2022-05-19,Porto,Olbia,2454.0,0.0,1803.0,0.0
2022-05-18,Porto,Olbia,1698.0,0.0,1257.0,0.0
2022-05-17,Porto,Olbia,2247.0,0.0,1276.0,0.0
2022-05-16,Porto,Olbia,3097.0,0.0,1499.0,0.0
2022-05-15,Porto,Olbia,2014.0,0.0,1714.0,0.0
2022-05-14,Porto,Olbia,2484.0,0.0,1504.0,0.0
2022-05-13,Porto,Olbia,2068.0,0.0,1859.0,0.0
2022-05-12,Porto,Olbia,1592.0,6.0,1559.0,0.0
2022-05-11,Porto,Olbia,1410.0,0.0,1031.0,0.0
2022-05-10,Porto,Olbia,1750.0,0.0,937.0,0.0
2022-05-09,Porto,Olbia,2077.0,0.0,1228.0,0.0
2022-05-08,Porto,Olbia,1506.0,0.0,1381.0,0.0
2022-05-07,Porto,Olbia,1615.0,0.0,1403.0,0.0
2022-05-06,Porto,Olbia,1508.0,0.0,1729.0,0.0
2022-05-04,Porto,Olbia,1293.0,0.0,1177.0,0.0
2022-05-03,Porto,Olbia,1242.0,0.0,1182.0,0.0
2022-05-02,Porto,Olbia,1904.0,0.0,1436.0,0.0
2022-04-30,Porto,Olbia,1617.0,0.0,2023.0,0.0
2022-04-29,Porto,Olbia,1512.0,0.0,2065.0,0.0
2022-04-28,Porto,Olbia,1475.0,0.0,1401.0,0.0
2022-04-27,Porto,Olbia,1469.0,0.0,1350.0,0.0
2022-04-26,Porto,Olbia,1734.0,0.0,1947.0,0.0
2022-04-25,Porto,Olbia,1671.0,0.0,3249.0,0.0
2022-04-24,Porto,Olbia,1779.0,0.0,2816.0,0.0
2022-04-23,Porto,Olbia,2963.0,0.0,2353.0,0.0
2022-04-22,Porto,Olbia,2643.0,0.0,2800.0,0.0
2022-04-21,Porto,Olbia,1970.0,0.0,2252.0,0.0
2022-04-20,Porto,Olbia,2374.0,0.0,2335.0,0.0
2022-04-19,Porto,Olbia,2315.0,0.0,4227.0,0.0
2022-04-18,Porto,Olbia,1284.0,0.0,3681.0,0.0
2022-04-17,Porto,Olbia,1607.0,0.0,1693.0,0.0
2022-04-16,Porto,Olbia,3219.0,0.0,950.0,0.0
2022-04-15,Porto,Olbia,4747.0,0.0,2317.0,0.0
2022-04-14,Porto,Olbia,4770.0,0.0,1825.0,0.0
2022-04-13,Porto,Olbia,2677.0,0.0,1583.0,0.0
2022-04-12,Porto,Olbia,1686.0,0.0,1101.0,0.0
2022-04-11,Porto,Olbia,2374.0,0.0,862.0,0.0
2022-04-10,Porto,Olbia,1980.0,0.0,1154.0,0.0
2022-04-09,Porto,Olbia,1861.0,0.0,1332.0,0.0
2022-04-08,Porto,Olbia,1374.0,0.0,1794.0,0.0
2022-04-07,Porto,Olbia,1262.0,0.0,1091.0,0.0
2022-04-06,Porto,Olbia,1031.0,0.0,720.0,0.0
2022-04-05,Porto,Olbia,1246.0,0.0,753.0,0.0
2022-04-04,Porto,Olbia,1618.0,0.0,845.0,0.0
2022-04-03,Porto,Olbia,1010.0,0.0,872.0,0.0
2022-04-02,Porto,Olbia,1427.0,0.0,1246.0,0.0
2022-04-01,Porto,Olbia,1147.0,0.0,1185.0,0.0
2022-03-31,Porto,Olbia,1012.0,0.0,734.0,0.0
2022-03-30,Porto,Olbia,766.0,0.0,826.0,0.0
2022-03-29,Porto,Olbia,1203.0,0.0,735.0,0.0
2022-03-28,Porto,Olbia,1613.0,0.0,988.0,0.0
2022-03-27,Porto,Olbia,956.0,0.0,967.0,0.0
2022-03-26,Porto,Olbia,1102.0,0.0,1530.0,0.0
2022-03-25,Porto,Olbia,1201.0,0.0,1257.0,0.0
2022-03-24,Porto,Olbia,1068.0,0.0,629.0,0.0
2022-03-23,Porto,Olbia,844.0,0.0,738.0,0.0
2022-03-22,Porto,Olbia,1152.0,0.0,709.0,0.0
2022-03-21,Porto,Olbia,1109.0,0.0,724.0,0.0
2022-03-20,Porto,Olbia,929.0,0.0,894.0,0.0
2022-03-19,Porto,Olbia,990.0,0.0,805.0,0.0
2022-03-18,Porto,Olbia,748.0,0.0,939.0,0.0
2022-03-17,Porto,Olbia,723.0,0.0,821.0,0.0
2022-03-16,Porto,Olbia,698.0,0.0,523.0,0.0
2022-03-15,Porto,Olbia,912.0,0.0,558.0,0.0
2022-03-14,Porto,Olbia,1188.0,0.0,693.0,0.0
2022-03-13,Porto,Olbia,877.0,0.0,753.0,0.0
2022-03-12,Porto,Olbia,1031.0,0.0,1052.0,0.0
2022-03-11,Porto,Olbia,934.0,0.0,1073.0,0.0
2022-03-10,Porto,Olbia,951.0,0.0,937.0,0.0
2022-03-09,Porto,Olbia,775.0,0.0,683.0,0.0
2022-03-08,Porto,Olbia,1007.0,0.0,733.0,0.0
2022-03-07,Porto,Olbia,1201.0,0.0,780.0,0.0
2022-03-06,Porto,Olbia,994.0,0.0,936.0,0.0
2022-03-05,Porto,Olbia,995.0,0.0,1120.0,0.0
2022-03-04,Porto,Olbia,980.0,0.0,1254.0,0.0
2022-03-03,Porto,Olbia,934.0,0.0,935.0,0.0
2022-03-02,Porto,Olbia,931.0,0.0,734.0,0.0
2022-02-28,Porto,Olbia,1151.0,0.0,872.0,0.0
2022-02-27,Porto,Olbia,1069.0,0.0,1021.0,0.0
2022-02-26,Porto,Olbia,1256.0,0.0,1014.0,0.0
2022-02-25,Porto,Olbia,566.0,385.0,1249.0,66.0
2022-02-24,Porto,Olbia,587.0,358.0,849.0,55.0
2022-02-23,Porto,Olbia,431.0,244.0,664.0,30.0
2022-02-22,Porto,Olbia,675.0,269.0,865.0,43.0
2022-02-21,Porto,Olbia,787.0,348.0,918.0,64.0
2022-02-20,Porto,Olbia,832.0,0.0,829.0,0.0
2022-02-19,Porto,Olbia,591.0,338.0,554.0,402.0
2022-02-18,Porto,Olbia,591.0,237.0,903.0,41.0
2022-02-17,Porto,Olbia,462.0,315.0,722.0,20.0
2022-02-16,Porto,Olbia,427.0,227.0,403.0,37.0
2022-02-15,Porto,Olbia,490.0,308.0,505.0,39.0
2022-02-14,Porto,Olbia,479.0,357.0,607.0,43.0
2022-02-13,Porto,Olbia,652.0,0.0,717.0,0.0
2022-02-12,Porto,Olbia,610.0,264.0,552.0,443.0
2022-02-11,Porto,Olbia,405.0,294.0,757.0,37.0
2022-02-10,Porto,Olbia,478.0,265.0,748.0,30.0
2022-02-09,Porto,Olbia,361.0,198.0,360.0,29.0
2022-02-08,Porto,Olbia,473.0,216.0,573.0,33.0
2022-02-07,Porto,Olbia,654.0,306.0,721.0,51.0
2022-02-06,Porto,Olbia,637.0,0.0,757.0,0.0
2022-02-05,Porto,Olbia,511.0,257.0,450.0,324.0
2022-02-04,Porto,Olbia,403.0,213.0,667.0,27.0
2022-02-03,Porto,Olbia,422.0,253.0,446.0,35.0
2022-02-02,Porto,Olbia,336.0,208.0,429.0,22.0
2022-02-01,Porto,Olbia,456.0,162.0,438.0,22.0
2022-01-31,Porto,Olbia,444.0,634.0,559.0,416.0
2022-01-30,Porto,Olbia,549.0,283.0,696.0,372.0
2022-01-29,Porto,Olbia,479.0,857.0,628.0,716.0
2022-01-28,Porto,Olbia,371.0,522.0,660.0,566.0
2022-01-27,Porto,Olbia,514.0,655.0,480.0,503.0
2022-01-26,Porto,Olbia,359.0,492.0,487.0,337.0
2022-01-25,Porto,Olbia,502.0,663.0,476.0,322.0
2022-01-24,Porto,Olbia,416.0,616.0,514.0,336.0
2022-01-23,Porto,Olbia,597.0,260.0,656.0,342.0
2022-01-22,Porto,Olbia,447.0,447.0,491.0,566.0
2022-01-21,Porto,Olbia,394.0,552.0,415.0,434.0
2022-01-20,Porto,Olbia,463.0,650.0,554.0,427.0
2022-01-19,Porto,Olbia,364.0,495.0,461.0,313.0
2022-01-18,Porto,Olbia,414.0,538.0,529.0,352.0
2022-01-17,Porto,Olbia,485.0,715.0,506.0,380.0
2022-01-16,Porto,Olbia,640.0,319.0,531.0,316.0
2022-01-15,Porto,Olbia,472.0,680.0,387.0,738.0
2022-01-14,Porto,Olbia,394.0,400.0,674.0,419.0
2022-01-13,Porto,Olbia,409.0,551.0,577.0,386.0
2022-01-12,Porto,Olbia,366.0,489.0,436.0,260.0
2022-01-11,Porto,Olbia,476.0,685.0,542.0,362.0
2022-01-10,Porto,Olbia,748.0,1214.0,676.0,450.0
2022-01-09,Porto,Olbia,1673.0,1009.0,1463.0,670.0
2022-01-08,Porto,Olbia,1140.0,629.0,3230.0,1963.0
2022-01-07,Porto,Olbia,1017.0,486.0,3066.0,1328.0
2022-01-06,Porto,Olbia,1281.0,709.0,1398.0,638.0
2022-01-05,Porto,Olbia,1548.0,707.0,2230.0,737.0
2022-01-04,Porto,Olbia,1729.0,886.0,1683.0,732.0
2022-01-03,Porto,Olbia,1723.0,981.0,1942.0,723.0
2022-01-02,Porto,Olbia,1667.0,801.0,2665.0,1442.0
2022-01-01,Porto,Olbia,143.0,142.0,1271.0,770.0
2021-12-31,Porto,Olbia,416.0,1625.0,109.0,221.0
2021-12-30,Porto,Olbia,559.0,1151.0,529.0,1754.0
2021-12-29,Porto,Olbia,1.0,1050.0,1.0,2122.0
2021-12-28,Porto,Olbia,2339.0,0.0,2127.0,0.0
2021-12-27,Porto,Olbia,2329.0,0.0,1976.0,0.0
2021-12-26,Porto,Olbia,628.0,0.0,1463.0,0.0
2021-12-25,Porto,Olbia,193.0,0.0,441.0,0.0
2021-12-24,Porto,Olbia,4521.0,0.0,165.0,0.0
2021-12-23,Porto,Olbia,4028.0,0.0,1884.0,0.0
2021-12-22,Porto,Olbia,1757.0,0.0,2377.0,0.0
2021-12-21,Porto,Olbia,1167.0,0.0,1407.0,0.0
2021-12-20,Porto,Olbia,1352.0,0.0,1191.0,0.0
2021-12-19,Porto,Olbia,1216.0,0.0,919.0,0.0
2021-12-18,Porto,Olbia,1352.0,0.0,1419.0,0.0
2021-12-17,Porto,Olbia,954.0,0.0,1721.0,0.0
2021-12-16,Porto,Olbia,927.0,0.0,585.0,0.0
2021-12-15,Porto,Olbia,732.0,0.0,879.0,0.0
2021-12-14,Porto,Olbia,1036.0,0.0,874.0,0.0
2021-12-13,Porto,Olbia,986.0,0.0,890.0,0.0
2021-12-12,Porto,Olbia,782.0,0.0,997.0,0.0
2021-12-11,Porto,Olbia,837.0,0.0,1134.0,0.0
2021-12-10,Porto,Olbia,770.0,0.0,1127.0,0.0
2021-12-09,Porto,Olbia,734.0,0.0,741.0,0.0
2021-12-08,Porto,Olbia,1059.0,0.0,701.0,0.0
2021-12-07,Porto,Olbia,799.0,0.0,1257.0,0.0
2021-12-06,Porto,Olbia,962.0,0.0,755.0,0.0
2021-12-05,Porto,Olbia,764.0,0.0,773.0,0.0
2021-12-04,Porto,Olbia,1404.0,0.0,1662.0,0.0
2021-12-03,Porto,Olbia,851.0,0.0,1245.0,0.0
2021-12-02,Porto,Olbia,829.0,0.0,628.0,0.0
2021-12-01,Porto,Olbia,707.0,0.0,865.0,0.0
2021-11-30,Porto,Olbia,52.0,0.0,0.0,0.0
2021-11-29,Porto,Olbia,1087.0,0.0,844.0,0.0
2021-11-28,Porto,Olbia,620.0,0.0,868.0,0.0
2021-11-27,Porto,Olbia,906.0,0.0,1550.0,0.0
2021-11-26,Porto,Olbia,943.0,0.0,681.0,0.0
2021-11-25,Porto,Olbia,880.0,0.0,1103.0,0.0
2021-11-24,Porto,Olbia,732.0,0.0,836.0,0.0
2021-11-23,Porto,Olbia,1014.0,0.0,772.0,0.0
2021-11-22,Porto,Olbia,1110.0,0.0,904.0,0.0
2021-11-21,Porto,Olbia,881.0,0.0,1015.0,0.0
2021-11-20,Porto,Olbia,1077.0,0.0,1198.0,0.0
2021-11-19,Porto,Olbia,994.0,0.0,1253.0,0.0
2021-11-18,Porto,Olbia,906.0,0.0,1129.0,0.0
2021-11-17,Porto,Olbia,760.0,0.0,761.0,0.0
2021-11-16,Porto,Olbia,973.0,0.0,823.0,0.0
2021-11-15,Porto,Olbia,1154.0,0.0,902.0,0.0
2021-11-14,Porto,Olbia,927.0,0.0,1158.0,0.0
2021-11-13,Porto,Olbia,1212.0,0.0,1800.0,0.0
2021-11-12,Porto,Olbia,1091.0,0.0,1255.0,0.0
2021-11-11,Porto,Olbia,897.0,0.0,664.0,0.0
2021-11-10,Porto,Olbia,909.0,0.0,868.0,0.0
2021-11-09,Porto,Olbia,999.0,0.0,894.0,0.0
2021-11-08,Porto,Olbia,1294.0,0.0,959.0,0.0
2021-11-07,Porto,Olbia,862.0,0.0,1158.0,0.0
2021-11-06,Porto,Olbia,1392.0,0.0,1938.0,0.0
2021-11-05,Porto,Olbia,976.0,0.0,1698.0,0.0
2021-11-04,Porto,Olbia,1144.0,0.0,1448.0,0.0
2021-11-03,Porto,Olbia,1698.0,0.0,1067.0,0.0
2021-11-02,Porto,Olbia,2021.0,0.0,1745.0,0.0
2021-11-01,Porto,Olbia,1276.0,0.0,2089.0,0.0
2021-10-31,Porto,Olbia,1532.0,0.0,2293.0,0.0
2021-10-30,Porto,Olbia,2316.0,0.0,2413.0,0.0
2021-10-29,Porto,Olbia,1853.0,0.0,3695.0,0.0
2021-10-28,Porto,Olbia,1283.0,0.0,2572.0,0.0
2021-10-27,Porto,Olbia,1010.0,0.0,1597.0,0.0
2021-10-26,Porto,Olbia,1367.0,0.0,1478.0,0.0
2021-10-25,Porto,Olbia,1836.0,0.0,1875.0,0.0
2021-10-24,Porto,Olbia,1986.0,0.0,2039.0,0.0
2021-10-23,Porto,Olbia,1786.0,0.0,2768.0,0.0
2021-10-22,Porto,Olbia,1527.0,0.0,3519.0,0.0
2021-10-21,Porto,Olbia,1380.0,0.0,2817.0,0.0
2021-10-20,Porto,Olbia,1127.0,0.0,2064.0,0.0
2021-10-19,Porto,Olbia,1685.0,0.0,1773.0,0.0
2021-10-18,Porto,Olbia,2271.0,0.0,2160.0,0.0
2021-10-17,Porto,Olbia,1965.0,0.0,2383.0,2.0
2021-10-16,Porto,Olbia,1824.0,0.0,3090.0,0.0
2021-10-15,Porto,Olbia,1732.0,0.0,3925.0,2.0
2021-10-14,Porto,Olbia,1678.0,0.0,3871.0,0.0
2021-10-13,Porto,Olbia,1292.0,0.0,2237.0,0.0
2021-10-12,Porto,Olbia,1980.0,0.0,2317.0,0.0
2021-10-11,Porto,Olbia,3038.0,0.0,2786.0,0.0
2021-10-10,Porto,Olbia,3026.0,0.0,2682.0,0.0
2021-10-09,Porto,Olbia,2153.0,0.0,3330.0,0.0
2021-10-08,Porto,Olbia,2023.0,0.0,4395.0,0.0
2021-10-07,Porto,Olbia,1681.0,0.0,3302.0,0.0
2021-10-06,Porto,Olbia,1917.0,0.0,2826.0,0.0
2021-10-05,Porto,Olbia,2406.0,0.0,2504.0,0.0
2021-10-04,Porto,Olbia,3214.0,0.0,3201.0,0.0
2021-10-03,Porto,Olbia,3482.0,395.0,3831.0,352.0
2021-10-02,Porto,Olbia,2946.0,0.0,4272.0,0.0
2021-10-01,Porto,Olbia,2900.0,113.0,5763.0,290.0
2021-09-30,Porto,Olbia,2169.0,6.0,4271.0,0.0
2021-09-29,Porto,Olbia,1771.0,0.0,3696.0,0.0
2021-09-28,Porto,Olbia,2108.0,0.0,4125.0,0.0
2021-09-27,Porto,Olbia,3172.0,120.0,3789.0,331.0
2021-09-26,Porto,Olbia,3311.0,736.0,5383.0,1406.0
2021-09-25,Porto,Olbia,3642.0,426.0,6119.0,764.0
2021-09-24,Porto,Olbia,2671.0,532.0,984.0,906.0
2021-09-23,Porto,Olbia,2042.0,424.0,4359.0,440.0
2021-09-22,Porto,Olbia,2352.0,315.0,3934.0,448.0
2021-09-21,Porto,Olbia,3134.0,529.0,4721.0,630.0
2021-09-20,Porto,Olbia,3649.0,743.0,4413.0,1165.0
2021-09-19,Porto,Olbia,4052.0,790.0,6010.0,1536.0
2021-09-18,Porto,Olbia,5099.0,554.0,7702.0,771.0
2021-09-17,Porto,Olbia,3683.0,748.0,5653.0,1254.0
2021-09-16,Porto,Olbia,3667.0,615.0,5018.0,831.0
2021-09-15,Porto,Olbia,2816.0,461.0,4599.0,665.0
2021-09-14,Porto,Olbia,3641.0,532.0,5684.0,672.0
2021-09-13,Porto,Olbia,5591.0,813.0,5807.0,1611.0
2021-09-12,Porto,Olbia,5395.0,1003.0,9429.0,1901.0
2021-09-11,Porto,Olbia,6893.0,637.0,12798.0,1487.0
2021-09-10,Porto,Olbia,3821.0,670.0,8842.0,1647.0
2021-09-09,Porto,Olbia,3765.0,443.0,8690.0,1286.0
2021-09-08,Porto,Olbia,3473.0,458.0,7310.0,1158.0
2021-09-07,Porto,Olbia,5227.0,645.0,8064.0,1242.0
2021-09-06,Porto,Olbia,7671.0,953.0,11147.0,1897.0
2021-09-05,Porto,Olbia,7870.0,1190.0,11902.0,1852.0
2021-09-04,Porto,Olbia,9094.0,1000.0,12024.0,1502.0
2021-09-03,Porto,Olbia,6569.0,842.0,11763.0,1691.0
2021-09-02,Porto,Olbia,5003.0,869.0,9934.0,1726.0
2021-09-01,Porto,Olbia,7587.0,904.0,11987.0,1620.0
2021-08-31,Porto,Olbia,5919.0,679.0,14564.0,1505.0
2021-08-30,Porto,Olbia,7655.0,1067.0,13659.0,2083.0
2021-08-29,Porto,Olbia,7915.0,1206.0,15709.0,1966.0
2021-08-28,Porto,Olbia,9362.0,967.0,15375.0,1754.0
2021-08-27,Porto,Olbia,6718.0,890.0,15060.0,1896.0
2021-08-26,Porto,Olbia,5381.0,770.0,13386.0,1462.0
2021-08-25,Porto,Olbia,5229.0,920.0,14190.0,1927.0
2021-08-24,Porto,Olbia,7434.0,920.0,13769.0,1450.0
2021-08-23,Porto,Olbia,9628.0,1478.0,13979.0,2002.0
2021-08-22,Porto,Olbia,9261.0,1535.0,15577.0,2041.0
2021-08-21,Porto,Olbia,10219.0,1147.0,17612.0,1675.0
2021-08-20,Porto,Olbia,8397.0,1398.0,15260.0,1924.0
2021-08-19,Porto,Olbia,6863.0,1179.0,13196.0,1350.0
2021-08-18,Porto,Olbia,8446.0,1515.0,12190.0,1873.0
2021-08-17,Porto,Olbia,11267.0,1295.0,11549.0,1415.0
2021-08-16,Porto,Olbia,13081.0,1531.0,11373.0,1481.0
2021-08-15,Porto,Olbia,11137.0,1387.0,9127.0,1492.0
2021-08-14,Porto,Olbia,14060.0,1439.0,13941.0,1575.0
2021-08-13,Porto,Olbia,11794.0,1259.0,10075.0,1479.0
2021-08-12,Porto,Olbia,9470.0,1427.0,8735.0,1257.0
2021-08-11,Porto,Olbia,12583.0,1485.0,7754.0,1061.0
2021-08-10,Porto,Olbia,16850.0,1509.0,8932.0,899.0
2021-08-09,Porto,Olbia,14626.0,1396.0,7799.0,1225.0
2021-08-08,Porto,Olbia,15479.0,1426.0,12129.0,1550.0
2021-08-07,Porto,Olbia,17449.0,1474.0,12232.0,1281.0
2021-08-06,Porto,Olbia,15430.0,1419.0,8950.0,1117.0
2021-08-05,Porto,Olbia,10352.0,1389.0,7564.0,921.0
2021-08-04,Porto,Olbia,11919.0,1375.0,6336.0,734.0
2021-08-03,Porto,Olbia,13491.0,1379.0,8122.0,959.0
2021-08-02,Porto,Olbia,12871.0,1446.0,9446.0,1394.0
2021-08-01,Porto,Olbia,12971.0,1514.0,9412.0,1458.0
2021-07-31,Porto,Olbia,15111.0,1529.0,14691.0,1624.0
2021-07-30,Porto,Olbia,12780.0,1681.0,10954.0,1440.0
2021-07-29,Porto,Olbia,11093.0,1254.0,8428.0,1334.0
2021-07-28,Porto,Olbia,9750.0,1356.0,0.0,0.0
2021-07-27,Porto,Olbia,11087.0,1008.0,0.0,0.0
2021-07-26,Porto,Olbia,11981.0,1612.0,7954.0,1536.0
2021-07-25,Porto,Olbia,11775.0,1621.0,10291.0,1185.0
2021-07-24,Porto,Olbia,12133.0,1339.0,10268.0,1407.0
2021-07-23,Porto,Olbia,10439.0,1510.0,7832.0,1127.0
2021-07-22,Porto,Olbia,8580.0,1062.0,6488.0,935.0
2021-07-21,Porto,Olbia,6959.0,873.0,5194.0,673.0
2021-07-20,Porto,Olbia,9077.0,1113.0,5005.0,813.0
2021-07-19,Porto,Olbia,11636.0,1460.0,6930.0,1484.0
2021-07-18,Porto,Olbia,9565.0,1396.0,7773.0,1563.0
2021-07-17,Porto,Olbia,12201.0,1226.0,10291.0,1186.0
2021-07-16,Porto,Olbia,11098.0,1480.0,8358.0,1171.0
2021-07-15,Porto,Olbia,7539.0,997.0,5668.0,745.0
2021-07-14,Porto,Olbia,6916.0,869.0,5397.0,671.0
2021-07-13,Porto,Olbia,7224.0,1017.0,4563.0,597.0
2021-07-12,Porto,Olbia,8055.0,1195.0,5615.0,1131.0
2021-07-11,Porto,Olbia,7692.0,1311.0,6607.0,1430.0
2021-07-10,Porto,Olbia,9922.0,1199.0,9920.0,977.0
2021-07-09,Porto,Olbia,8818.0,1239.0,4963.0,843.0
2021-07-08,Porto,Olbia,5846.0,914.0,4460.0,442.0
2021-07-07,Porto,Olbia,5888.0,777.0,3641.0,478.0
2021-07-06,Porto,Olbia,7224.0,995.0,3485.0,326.0
2021-07-05,Porto,Olbia,8221.0,1315.0,4479.0,849.0
2021-07-04,Porto,Olbia,8708.0,1265.0,5632.0,1073.0
2021-07-03,Porto,Olbia,9871.0,1338.0,7150.0,964.0
2021-07-02,Porto,Olbia,8987.0,1022.0,4818.0,420.0
2021-07-01,Porto,Olbia,6936.0,887.0,3611.0,330.0
2021-06-30,Porto,Olbia,6600.0,741.0,4475.0,603.0
2021-06-29,Porto,Olbia,5023.0,834.0,4508.0,626.0
2021-06-28,Porto,Olbia,4531.0,835.0,2051.0,443.0
2021-06-27,Porto,Olbia,6375.0,1136.0,5389.0,946.0
2021-06-26,Porto,Olbia,8813.0,1237.0,7278.0,914.0
2021-06-25,Porto,Olbia,7373.0,924.0,3379.0,358.0
2021-06-24,Porto,Olbia,5648.0,836.0,1053.0,305.0
2021-06-23,Porto,Olbia,4211.0,754.0,1758.0,232.0
2021-06-22,Porto,Olbia,4543.0,777.0,2317.0,246.0
2021-06-21,Porto,Olbia,4519.0,935.0,2190.0,483.0
2021-06-20,Porto,Olbia,6208.0,948.0,0.0,0.0
2021-06-19,Porto,Olbia,7582.0,974.0,0.0,0.0
2021-06-18,Porto,Olbia,6097.0,677.0,0.0,0.0
2021-06-17,Porto,Olbia,4048.0,569.0,1986.0,231.0
2021-06-16,Porto,Olbia,2720.0,446.0,1627.0,166.0
2021-06-15,Porto,Olbia,3327.0,628.0,1118.0,229.0
2021-06-14,Porto,Olbia,3488.0,605.0,1900.0,259.0
2021-06-13,Porto,Olbia,4506.0,588.0,2556.0,319.0
2021-06-12,Porto,Olbia,5339.0,521.0,3689.0,223.0
2021-06-11,Porto,Olbia,630.0,4.0,1548.0,172.0
2021-06-10,Porto,Olbia,3006.0,461.0,1408.0,147.0
2021-06-09,Porto,Olbia,1844.0,410.0,1315.0,103.0
2021-06-08,Porto,Olbia,1935.0,362.0,1656.0,143.0
2021-06-07,Porto,Olbia,2734.0,328.0,1482.0,156.0
2021-06-06,Porto,Olbia,3271.0,293.0,4246.0,347.0
2021-06-05,Porto,Olbia,3556.0,466.0,4450.0,163.0
2021-06-04,Porto,Olbia,3519.0,0.0,3797.0,2.0
2021-06-03,Porto,Olbia,2762.0,0.0,1977.0,0.0
2021-06-02,Porto,Olbia,3650.0,1.0,2781.0,0.0
2021-06-01,Porto,Olbia,3076.0,0.0,2228.0,0.0
2021-05-31,Porto,Olbia,2726.0,0.0,1366.0,0.0
2021-05-30,Porto,Olbia,3622.0,0.0,1647.0,0.0
2021-05-29,Porto,Olbia,5648.0,0.0,2243.0,0.0
2021-05-28,Porto,Olbia,3173.0,6.0,2002.0,5.0
2021-05-26,Porto,Olbia,1477.0,2.0,921.0,0.0
2021-05-25,Porto,Olbia,2036.0,0.0,956.0,0.0
2021-05-24,Porto,Olbia,2603.0,0.0,1244.0,0.0
2021-05-23,Porto,Olbia,3195.0,0.0,1739.0,0.0
2021-05-22,Porto,Olbia,3262.0,0.0,1820.0,0.0
2021-05-21,Porto,Olbia,2138.0,4.0,867.0,1.0
2021-05-20,Porto,Olbia,172.0,0.0,0.0,0.0
2021-05-19,Porto,Olbia,1177.0,5.0,817.0,0.0
2021-05-18,Porto,Olbia,1393.0,0.0,779.0,0.0
2021-05-17,Porto,Olbia,1683.0,0.0,863.0,0.0
2021-05-16,Porto,Olbia,1117.0,0.0,926.0,0.0
2021-05-15,Porto,Olbia,1316.0,0.0,1306.0,0.0
2021-05-14,Porto,Olbia,1233.0,4.0,1057.0,3.0
2021-05-13,Porto,Olbia,1134.0,0.0,855.0,7.0
2021-05-12,Porto,Olbia,851.0,6.0,444.0,0.0
2021-05-11,Porto,Olbia,870.0,0.0,741.0,0.0
2021-05-10,Porto,Olbia,935.0,0.0,722.0,0.0
2021-05-09,Porto,Olbia,841.0,0.0,837.0,0.0
2021-05-08,Porto,Olbia,1026.0,0.0,821.0,0.0
2021-05-07,Porto,Olbia,978.0,1.0,967.0,2.0
2021-05-06,Porto,Olbia,880.0,0.0,701.0,2.0
2021-05-05,Porto,Olbia,720.0,5.0,601.0,4.0
2021-05-04,Porto,Olbia,1012.0,0.0,675.0,0.0
2021-05-03,Porto,Olbia,962.0,0.0,724.0,0.0
2021-05-02,Porto,Olbia,621.0,0.0,717.0,0.0
2021-05-01,Porto,Olbia,774.0,0.0,672.0,0.0
2021-04-30,Porto,Olbia,882.0,1.0,879.0,4.0
2021-04-29,Porto,Olbia,724.0,0.0,874.0,3.0
2021-04-28,Porto,Olbia,598.0,6.0,657.0,0.0
2021-04-27,Porto,Olbia,730.0,0.0,573.0,0.0
2021-04-26,Porto,Olbia,687.0,0.0,683.0,0.0
2021-04-25,Porto,Olbia,466.0,0.0,752.0,0.0
2021-04-24,Porto,Olbia,721.0,0.0,679.0,0.0
2021-04-23,Porto,Olbia,667.0,2.0,949.0,1.0
2021-04-22,Porto,Olbia,714.0,0.0,607.0,4.0
2021-04-21,Porto,Olbia,614.0,4.0,595.0,0.0
2021-04-20,Porto,Olbia,615.0,0.0,507.0,0.0
2021-04-19,Porto,Olbia,614.0,0.0,604.0,0.0
2021-04-18,Porto,Olbia,415.0,0.0,640.0,0.0
2021-04-17,Porto,Olbia,636.0,0.0,867.0,0.0
2021-04-16,Porto,Olbia,622.0,1.0,961.0,1.0
2021-04-14,Porto,Olbia,510.0,3.0,589.0,0.0
2021-04-13,Porto,Olbia,551.0,0.0,585.0,1.0
2021-04-12,Porto,Olbia,677.0,0.0,719.0,0.0
2021-04-11,Porto,Olbia,607.0,0.0,996.0,0.0
2021-04-10,Porto,Olbia,642.0,0.0,1183.0,0.0
2021-04-09,Porto,Olbia,701.0,2.0,997.0,1.0
2021-04-08,Porto,Olbia,894.0,0.0,429.0,3.0
2021-04-07,Porto,Olbia,827.0,6.0,626.0,0.0
2021-04-06,Porto,Olbia,372.0,0.0,1229.0,0.0
2021-04-05,Porto,Olbia,123.0,0.0,967.0,0.0
2021-04-04,Porto,Olbia,223.0,0.0,342.0,0.0
2021-04-03,Porto,Olbia,779.0,0.0,208.0,0.0
2021-04-02,Porto,Olbia,1014.0,0.0,703.0,0.0
2021-04-01,Porto,Olbia,1096.0,3.0,786.0,0.0
2021-03-31,Porto,Olbia,731.0,0.0,770.0,3.0
2021-03-30,Porto,Olbia,610.0,4.0,533.0,0.0
2021-03-29,Porto,Olbia,631.0,0.0,572.0,0.0
2021-03-28,Porto,Olbia,627.0,0.0,635.0,0.0
2021-03-27,Porto,Olbia,827.0,0.0,667.0,0.0
2021-03-26,Porto,Olbia,457.0,0.0,817.0,0.0
2021-03-25,Porto,Olbia,683.0,3.0,601.0,0.0
2021-03-24,Porto,Olbia,605.0,0.0,428.0,1.0
2021-03-23,Porto,Olbia,645.0,3.0,563.0,0.0
2021-03-22,Porto,Olbia,680.0,0.0,568.0,0.0
2021-03-18,Porto,Olbia,734.0,3.0,597.0,0.0
2021-03-17,Porto,Olbia,579.0,0.0,533.0,2.0
2021-03-16,Porto,Olbia,696.0,5.0,507.0,1.0
2021-03-15,Porto,Olbia,936.0,0.0,550.0,0.0
2021-03-14,Porto,Olbia,807.0,0.0,678.0,0.0
2021-03-13,Porto,Olbia,776.0,0.0,537.0,0.0
2021-03-12,Porto,Olbia,820.0,0.0,650.0,0.0
2021-03-11,Porto,Olbia,739.0,3.0,643.0,0.0
2021-03-10,Porto,Olbia,630.0,0.0,520.0,1.0
2021-03-09,Porto,Olbia,829.0,5.0,499.0,0.0
2021-03-08,Porto,Olbia,739.0,0.0,618.0,0.0
2021-03-07,Porto,Olbia,809.0,0.0,902.0,0.0
2021-03-06,Porto,Olbia,885.0,0.0,608.0,2.0
2021-03-05,Porto,Olbia,843.0,0.0,823.0,0.0
2021-03-04,Porto,Olbia,719.0,4.0,24.0,0.0
2021-03-03,Porto,Olbia,639.0,0.0,546.0,0.0
2021-03-02,Porto,Olbia,535.0,2.0,47.0,0.0
2021-03-01,Porto,Olbia,732.0,0.0,631.0,0.0
2021-02-28,Porto,Olbia,662.0,0.0,907.0,0.0
2021-02-27,Porto,Olbia,859.0,0.0,935.0,1.0
2021-02-26,Porto,Olbia,806.0,0.0,614.0,0.0
2021-02-25,Porto,Olbia,745.0,3.0,699.0,0.0
2021-02-24,Porto,Olbia,649.0,0.0,569.0,1.0
2021-02-23,Porto,Olbia,652.0,5.0,547.0,0.0
2021-02-22,Porto,Olbia,797.0,0.0,662.0,0.0
2021-02-21,Porto,Olbia,558.0,0.0,677.0,0.0
2021-02-20,Porto,Olbia,762.0,0.0,844.0,0.0
2021-02-19,Porto,Olbia,817.0,0.0,710.0,0.0
2021-02-18,Porto,Olbia,761.0,4.0,701.0,0.0
2021-02-17,Porto,Olbia,593.0,0.0,412.0,3.0
2021-02-16,Porto,Olbia,780.0,6.0,549.0,0.0
2021-02-15,Porto,Olbia,645.0,0.0,680.0,0.0
2021-02-14,Porto,Olbia,539.0,0.0,622.0,0.0
2021-02-13,Porto,Olbia,732.0,0.0,731.0,0.0
2021-02-12,Porto,Olbia,697.0,0.0,552.0,0.0
2021-02-11,Porto,Olbia,676.0,8.0,700.0,0.0
2021-02-10,Porto,Olbia,507.0,0.0,430.0,2.0
2021-02-09,Porto,Olbia,703.0,4.0,531.0,0.0
2021-02-08,Porto,Olbia,549.0,0.0,528.0,0.0
2021-02-07,Porto,Olbia,414.0,0.0,524.0,0.0
2021-02-06,Porto,Olbia,640.0,0.0,493.0,0.0
2021-02-05,Porto,Olbia,594.0,0.0,777.0,0.0
2021-02-04,Porto,Olbia,607.0,6.0,465.0,0.0
2021-02-03,Porto,Olbia,489.0,0.0,439.0,3.0
2021-02-02,Porto,Olbia,634.0,2.0,445.0,0.0
2021-02-01,Porto,Olbia,484.0,0.0,502.0,0.0
2021-01-31,Porto,Olbia,390.0,0.0,520.0,0.0
2021-01-30,Porto,Olbia,635.0,0.0,296.0,0.0
2021-01-29,Porto,Olbia,631.0,6.0,320.0,6.0
2021-01-28,Porto,Olbia,592.0,8.0,581.0,1.0
2021-01-27,Porto,Olbia,511.0,3.0,452.0,9.0
2021-01-26,Porto,Olbia,669.0,4.0,486.0,6.0
2021-01-25,Porto,Olbia,623.0,0.0,549.0,0.0
2021-01-24,Porto,Olbia,586.0,0.0,604.0,0.0
2021-01-23,Porto,Olbia,623.0,0.0,554.0,0.0
2021-01-22,Porto,Olbia,577.0,5.0,553.0,6.0
2021-01-21,Porto,Olbia,572.0,12.0,569.0,0.0
2021-01-20,Porto,Olbia,490.0,2.0,401.0,4.0
2021-01-19,Porto,Olbia,620.0,5.0,380.0,8.0
2021-01-18,Porto,Olbia,410.0,0.0,544.0,0.0
2021-01-17,Porto,Olbia,350.0,0.0,448.0,0.0
2021-01-16,Porto,Olbia,497.0,0.0,460.0,0.0
2021-01-15,Porto,Olbia,491.0,6.0,476.0,6.0
2021-01-14,Porto,Olbia,671.0,10.0,679.0,0.0
2021-01-13,Porto,Olbia,558.0,4.0,498.0,0.0
2021-01-12,Porto,Olbia,575.0,0.0,480.0,0.0
2021-01-11,Porto,Olbia,290.0,0.0,349.0,0.0
2021-01-10,Porto,Olbia,435.0,0.0,498.0,0.0
2021-01-09,Porto,Olbia,366.0,0.0,770.0,0.0
2021-01-08,Porto,Olbia,540.0,0.0,593.0,0.0
2021-01-07,Porto,Olbia,554.0,0.0,661.0,0.0
2021-01-06,Porto,Olbia,240.0,0.0,315.0,0.0
2021-01-05,Porto,Olbia,395.0,0.0,551.0,0.0
2021-01-04,Porto,Olbia,390.0,0.0,569.0,0.0
2021-01-03,Porto,Olbia,223.0,0.0,337.0,0.0
2021-01-02,Porto,Olbia,31.0,0.0,625.0,0.0
2021-01-01,Porto,Olbia,20.0,0.0,46.0,0.0
2020-12-31,Porto,Olbia,295.0,0.0,36.0,0.0
2020-12-30,Porto,Olbia,315.0,1.0,326.0,0.0
2020-12-29,Porto,Olbia,345.0,0.0,410.0,0.0
2020-12-28,Porto,Olbia,407.0,0.0,402.0,0.0
2020-12-27,Porto,Olbia,143.0,0.0,492.0,0.0
2020-12-26,Porto,Olbia,21.0,0.0,215.0,0.0
2020-12-25,Porto,Olbia,59.0,0.0,22.0,0.0
2020-12-24,Porto,Olbia,533.0,0.0,25.0,0.0
2020-12-23,Porto,Olbia,593.0,0.0,366.0,0.0
2020-12-22,Porto,Olbia,291.0,1.0,583.0,1.0
2020-12-21,Porto,Olbia,908.0,0.0,415.0,0.0
2020-12-20,Porto,Olbia,1398.0,0.0,545.0,0.0
2020-12-19,Porto,Olbia,1225.0,0.0,1043.0,0.0
2020-12-18,Porto,Olbia,1117.0,0.0,1192.0,0.0
2020-12-17,Porto,Olbia,502.0,0.0,1002.0,0.0
2020-12-16,Porto,Olbia,635.0,3.0,587.0,0.0
2020-12-15,Porto,Olbia,770.0,1.0,705.0,1.0
2020-12-14,Porto,Olbia,640.0,0.0,582.0,0.0
2020-12-13,Porto,Olbia,474.0,0.0,655.0,0.0
2020-12-12,Porto,Olbia,604.0,0.0,595.0,0.0
2020-12-11,Porto,Olbia,527.0,6.0,695.0,3.0
2020-12-10,Porto,Olbia,639.0,0.0,595.0,0.0
2020-12-09,Porto,Olbia,443.0,0.0,600.0,0.0
2020-12-08,Porto,Olbia,401.0,0.0,706.0,0.0
2020-12-07,Porto,Olbia,419.0,0.0,588.0,0.0
2020-12-06,Porto,Olbia,411.0,0.0,429.0,0.0
2020-12-05,Porto,Olbia,663.0,0.0,498.0,0.0
2020-12-04,Porto,Olbia,503.0,5.0,783.0,0.0
2020-12-03,Porto,Olbia,463.0,0.0,608.0,0.0
2020-12-02,Porto,Olbia,425.0,4.0,487.0,0.0
2020-12-01,Porto,Olbia,579.0,0.0,618.0,1.0
2020-11-30,Porto,Olbia,382.0,0.0,470.0,60.0
2020-11-29,Porto,Olbia,295.0,0.0,462.0,0.0
2020-11-28,Porto,Olbia,443.0,0.0,236.0,120.0
2020-11-27,Porto,Olbia,441.0,7.0,582.0,59.0
2020-11-26,Porto,Olbia,546.0,0.0,536.0,30.0
2020-11-25,Porto,Olbia,420.0,0.0,384.0,50.0
2020-11-24,Porto,Olbia,572.0,0.0,427.0,42.0
2020-11-23,Porto,Olbia,465.0,0.0,380.0,45.0
2020-11-22,Porto,Olbia,244.0,0.0,477.0,0.0
2020-11-21,Porto,Olbia,509.0,0.0,295.0,175.0
2020-11-20,Porto,Olbia,449.0,4.0,454.0,33.0
2020-11-19,Porto,Olbia,477.0,0.0,436.0,27.0
2020-11-18,Porto,Olbia,460.0,0.0,376.0,25.0
2020-11-17,Porto,Olbia,534.0,0.0,358.0,29.0
2020-11-16,Porto,Olbia,443.0,0.0,399.0,37.0
2020-11-15,Porto,Olbia,399.0,0.0,414.0,0.0
2020-11-14,Porto,Olbia,526.0,0.0,326.0,226.0
2020-11-13,Porto,Olbia,468.0,4.0,543.0,33.0
2020-11-12,Porto,Olbia,480.0,0.0,473.0,26.0
2020-11-11,Porto,Olbia,558.0,0.0,408.0,34.0
2020-11-10,Porto,Olbia,648.0,0.0,514.0,46.0
2020-11-09,Porto,Olbia,457.0,0.0,418.0,56.0
2020-11-08,Porto,Olbia,393.0,0.0,453.0,0.0
2020-11-07,Porto,Olbia,611.0,0.0,287.0,216.0
2020-11-06,Porto,Olbia,675.0,0.0,559.0,34.0
2020-11-05,Porto,Olbia,689.0,0.0,518.0,44.0
2020-11-04,Porto,Olbia,570.0,0.0,498.0,47.0
2020-11-03,Porto,Olbia,732.0,0.0,612.0,54.0
2020-11-02,Porto,Olbia,585.0,0.0,646.0,69.0
2020-11-01,Porto,Olbia,461.0,0.0,574.0,0.0
2020-10-31,Porto,Olbia,775.0,0.0,961.0,0.0
2020-10-30,Porto,Olbia,623.0,0.0,958.0,0.0
2020-10-29,Porto,Olbia,653.0,0.0,860.0,0.0
2020-10-28,Porto,Olbia,557.0,0.0,646.0,0.0
2020-10-27,Porto,Olbia,712.0,0.0,906.0,0.0
2020-10-26,Porto,Olbia,780.0,0.0,934.0,0.0
2020-10-25,Porto,Olbia,650.0,0.0,1180.0,0.0
2020-10-24,Porto,Olbia,1365.0,0.0,1754.0,0.0
2020-10-23,Porto,Olbia,883.0,0.0,1860.0,0.0
2020-10-22,Porto,Olbia,1064.0,0.0,2065.0,0.0
2020-10-21,Porto,Olbia,792.0,0.0,790.0,0.0
2020-10-20,Porto,Olbia,1041.0,0.0,1132.0,0.0
2020-10-19,Porto,Olbia,937.0,0.0,1119.0,0.0
2020-10-18,Porto,Olbia,1120.0,0.0,1231.0,0.0
2020-10-17,Porto,Olbia,1287.0,0.0,1879.0,0.0
2020-10-16,Porto,Olbia,1108.0,0.0,1978.0,0.0
2020-10-15,Porto,Olbia,1078.0,0.0,1689.0,0.0
2020-10-14,Porto,Olbia,860.0,0.0,1442.0,0.0
2020-10-13,Porto,Olbia,1067.0,0.0,1436.0,0.0
2020-10-12,Porto,Olbia,1266.0,0.0,1500.0,0.0
2020-10-11,Porto,Olbia,1243.0,0.0,2163.0,0.0
2020-10-10,Porto,Olbia,1416.0,0.0,3645.0,0.0
2020-10-09,Porto,Olbia,1459.0,0.0,2881.0,0.0
2020-10-08,Porto,Olbia,1371.0,0.0,2525.0,0.0
2020-10-07,Porto,Olbia,1288.0,0.0,1865.0,0.0
2020-10-06,Porto,Olbia,1695.0,0.0,1915.0,0.0
2020-10-05,Porto,Olbia,1843.0,0.0,1802.0,0.0
2020-10-04,Porto,Olbia,2313.0,0.0,2300.0,0.0
2020-10-03,Porto,Olbia,2324.0,0.0,2517.0,0.0
2020-10-02,Porto,Olbia,2221.0,0.0,3020.0,0.0
2020-10-01,Porto,Olbia,1813.0,0.0,2346.0,0.0
2020-09-30,Porto,Olbia,1370.0,0.0,2791.0,0.0
2020-09-29,Porto,Olbia,1734.0,0.0,2240.0,0.0
2020-09-28,Porto,Olbia,1493.0,0.0,2186.0,0.0
2020-09-27,Porto,Olbia,2432.0,480.0,3844.0,658.0
2020-09-26,Porto,Olbia,3219.0,0.0,4932.0,0.0
2020-09-25,Porto,Olbia,1775.0,171.0,3217.0,687.0
2020-09-24,Porto,Olbia,1633.0,0.0,3223.0,0.0
2020-09-23,Porto,Olbia,1679.0,0.0,2396.0,424.0
2020-09-22,Porto,Olbia,2020.0,0.0,4471.0,0.0
2020-09-21,Porto,Olbia,2847.0,69.0,2782.0,550.0
2020-09-20,Porto,Olbia,2734.0,1061.0,5135.0,0.0
2020-09-19,Porto,Olbia,3250.0,107.0,5850.0,1267.0
2020-09-18,Porto,Olbia,1571.0,0.0,4177.0,0.0
2020-09-17,Porto,Olbia,1905.0,58.0,3427.0,648.0
2020-09-16,Porto,Olbia,1894.0,0.0,3198.0,0.0
2020-09-15,Porto,Olbia,2148.0,85.0,3775.0,762.0
2020-09-14,Porto,Olbia,2677.0,0.0,4218.0,0.0
2020-09-13,Porto,Olbia,4559.0,1697.0,8430.0,1111.0
2020-09-12,Porto,Olbia,4739.0,0.0,8971.0,0.0
2020-09-11,Porto,Olbia,2855.0,202.0,5900.0,1534.0
2020-09-10,Porto,Olbia,2429.0,8.0,6002.0,0.0
2020-09-09,Porto,Olbia,2181.0,135.0,5473.0,1419.0
2020-09-08,Porto,Olbia,2959.0,5.0,6445.0,3.0
2020-09-07,Porto,Olbia,3989.0,1436.0,7474.0,1060.0
2020-09-06,Porto,Olbia,5502.0,0.0,10651.0,0.0
2020-09-05,Porto,Olbia,6966.0,0.0,11620.0,581.0
2020-09-04,Porto,Olbia,4761.0,352.0,10412.0,1152.0
2020-09-03,Porto,Olbia,3847.0,5.0,11011.0,3.0
2020-09-02,Porto,Olbia,3934.0,696.0,9596.0,1115.0
2020-09-01,Porto,Olbia,6280.0,1.0,12704.0,2.0
2020-08-31,Porto,Olbia,6635.0,0.0,13398.0,0.0
2020-08-30,Porto,Olbia,6270.0,0.0,13975.0,0.0
2020-08-29,Porto,Olbia,8301.0,0.0,14417.0,0.0
2020-08-28,Porto,Olbia,6150.0,0.0,19589.0,0.0
2020-08-27,Porto,Olbia,3933.0,0.0,14081.0,0.0
2020-08-26,Porto,Olbia,4394.0,0.0,15551.0,0.0
2020-08-25,Porto,Olbia,6396.0,0.0,13220.0,0.0
2020-08-24,Porto,Olbia,8700.0,0.0,17064.0,0.0
2020-08-23,Porto,Olbia,10555.0,0.0,17848.0,0.0
2020-08-22,Porto,Olbia,10794.0,0.0,19622.0,0.0
2020-08-21,Porto,Olbia,8765.0,0.0,19210.0,0.0
2020-08-20,Porto,Olbia,6970.0,0.0,14561.0,0.0
2020-08-19,Porto,Olbia,8677.0,0.0,16750.0,0.0
2020-08-18,Porto,Olbia,10885.0,0.0,9149.0,0.0
2020-08-17,Porto,Olbia,14297.0,0.0,14014.0,0.0
2020-08-16,Porto,Olbia,14717.0,0.0,14111.0,0.0
2020-08-15,Porto,Olbia,14272.0,0.0,11960.0,0.0
2020-08-14,Porto,Olbia,12950.0,0.0,12930.0,0.0
2020-08-13,Porto,Olbia,11891.0,0.0,9494.0,0.0
2020-08-12,Porto,Olbia,14371.0,0.0,9325.0,0.0
2020-08-11,Porto,Olbia,14844.0,3.0,5114.0,0.0
2020-08-10,Porto,Olbia,17679.0,0.0,8955.0,0.0
2020-08-09,Porto,Olbia,19293.0,0.0,11851.0,0.0
2020-08-08,Porto,Olbia,16602.0,5.0,6857.0,0.0
2020-08-07,Porto,Olbia,14895.0,0.0,8916.0,0.0
2020-08-06,Porto,Olbia,11940.0,0.0,5401.0,0.0
2020-08-05,Porto,Olbia,13899.0,1.0,5687.0,11.0
2020-08-04,Porto,Olbia,9551.0,0.0,5290.0,0.0
2020-08-03,Porto,Olbia,11978.0,0.0,7252.0,0.0
2020-08-02,Porto,Olbia,14959.0,0.0,7916.0,0.0
2020-08-01,Porto,Olbia,13615.0,0.0,9353.0,0.0
2020-07-31,Porto,Olbia,11896.0,0.0,9451.0,0.0
2020-07-30,Porto,Olbia,10335.0,3.0,8153.0,0.0
2020-07-29,Porto,Olbia,10265.0,0.0,7110.0,0.0
2020-07-28,Porto,Olbia,8459.0,0.0,5517.0,0.0
2020-07-27,Porto,Olbia,8979.0,0.0,6126.0,0.0
2020-07-26,Porto,Olbia,11557.0,0.0,8967.0,0.0
2020-07-25,Porto,Olbia,11059.0,1.0,7787.0,0.0
2020-07-24,Porto,Olbia,8872.0,0.0,6612.0,0.0
2020-07-23,Porto,Olbia,8288.0,0.0,5325.0,0.0
2020-07-22,Porto,Olbia,7898.0,1.0,4519.0,0.0
2020-07-21,Porto,Olbia,6613.0,0.0,3726.0,0.0
2020-07-20,Porto,Olbia,9998.0,0.0,4968.0,0.0
2020-07-19,Porto,Olbia,8997.0,0.0,6994.0,0.0
2020-07-18,Porto,Olbia,9599.0,0.0,7496.0,0.0
2020-07-17,Porto,Olbia,8126.0,0.0,5005.0,0.0
2020-07-16,Porto,Olbia,8035.0,1.0,4481.0,0.0
2020-07-15,Porto,Olbia,6590.0,0.0,3843.0,0.0
2020-07-14,Porto,Olbia,6707.0,0.0,4020.0,0.0
2020-07-13,Porto,Olbia,6799.0,0.0,4121.0,0.0
2020-07-12,Porto,Olbia,7550.0,0.0,6447.0,0.0
2020-07-11,Porto,Olbia,7678.0,0.0,5852.0,0.0
2020-07-10,Porto,Olbia,7734.0,0.0,4885.0,0.0
2020-07-09,Porto,Olbia,5305.0,0.0,3044.0,0.0
2020-07-08,Porto,Olbia,5729.0,0.0,2438.0,0.0
2020-07-07,Porto,Olbia,4913.0,0.0,2340.0,0.0
2020-07-06,Porto,Olbia,6419.0,0.0,3637.0,0.0
2020-07-05,Porto,Olbia,6851.0,0.0,3865.0,0.0
2020-07-04,Porto,Olbia,8128.0,0.0,4872.0,0.0
2020-07-03,Porto,Olbia,6636.0,0.0,2634.0,0.0
2020-07-02,Porto,Olbia,6680.0,0.0,2261.0,0.0
2020-07-01,Porto,Olbia,5925.0,0.0,1966.0,0.0
2020-06-30,Porto,Olbia,5491.0,0.0,3120.0,0.0
2020-06-29,Porto,Olbia,5057.0,0.0,3385.0,0.0
2020-06-28,Porto,Olbia,5579.0,0.0,4117.0,0.0
2020-06-27,Porto,Olbia,7281.0,0.0,3569.0,0.0
2020-06-26,Porto,Olbia,5946.0,0.0,2463.0,0.0
2020-06-25,Porto,Olbia,5232.0,0.0,1891.0,0.0
2020-06-24,Porto,Olbia,3321.0,0.0,1326.0,0.0
2020-06-23,Porto,Olbia,3832.0,0.0,1403.0,0.0
2020-06-22,Porto,Olbia,3548.0,0.0,1589.0,0.0
2020-06-21,Porto,Olbia,4468.0,0.0,2356.0,0.0
2020-06-20,Porto,Olbia,5078.0,0.0,2103.0,0.0
2020-06-19,Porto,Olbia,4598.0,0.0,1309.0,0.0
2020-06-18,Porto,Olbia,3196.0,0.0,1093.0,0.0
2020-06-17,Porto,Olbia,2772.0,0.0,990.0,0.0
2020-06-16,Porto,Olbia,2586.0,0.0,973.0,0.0
2020-06-15,Porto,Olbia,3123.0,0.0,1399.0,0.0
2020-06-14,Porto,Olbia,2558.0,0.0,1369.0,0.0
2020-06-13,Porto,Olbia,3472.0,0.0,1314.0,0.0
2020-06-12,Porto,Olbia,2889.0,0.0,1076.0,0.0
2020-06-11,Porto,Olbia,1747.0,0.0,790.0,0.0
2020-06-10,Porto,Olbia,1578.0,0.0,725.0,0.0
2020-06-09,Porto,Olbia,1392.0,0.0,631.0,0.0
2020-06-08,Porto,Olbia,1868.0,0.0,734.0,0.0
2020-06-07,Porto,Olbia,1593.0,0.0,669.0,0.0
2020-06-06,Porto,Olbia,1809.0,0.0,559.0,0.0
2020-06-05,Porto,Olbia,1811.0,0.0,672.0,0.0
2020-06-04,Porto,Olbia,2079.0,0.0,622.0,0.0
2020-06-03,Porto,Olbia,569.0,0.0,669.0,0.0
2020-06-02,Porto,Olbia,210.0,0.0,335.0,0.0
2020-06-01,Porto,Olbia,192.0,0.0,178.0,0.0
2020-05-31,Porto,Olbia,137.0,0.0,171.0,0.0
2020-05-30,Porto,Olbia,281.0,0.0,194.0,0.0
2020-05-29,Porto,Olbia,337.0,0.0,426.0,0.0
2020-05-28,Porto,Olbia,315.0,0.0,316.0,0.0
2020-05-27,Porto,Olbia,304.0,0.0,213.0,0.0
2020-05-26,Porto,Olbia,349.0,0.0,281.0,0.0
2020-05-25,Porto,Olbia,244.0,0.0,265.0,0.0
2020-05-24,Porto,Olbia,223.0,0.0,186.0,0.0
2020-05-23,Porto,Olbia,259.0,0.0,203.0,0.0
2020-05-22,Porto,Olbia,305.0,0.0,328.0,0.0
2020-05-21,Porto,Olbia,297.0,0.0,299.0,0.0
2020-05-20,Porto,Olbia,295.0,0.0,181.0,0.0
2020-05-19,Porto,Olbia,445.0,0.0,278.0,0.0
2020-05-18,Porto,Olbia,217.0,0.0,295.0,0.0
2020-05-17,Porto,Olbia,153.0,0.0,150.0,0.0
2020-05-16,Porto,Olbia,183.0,0.0,130.0,0.0
2020-05-15,Porto,Olbia,238.0,0.0,258.0,0.0
2020-05-14,Porto,Olbia,258.0,0.0,214.0,0.0
2020-05-13,Porto,Olbia,272.0,0.0,215.0,0.0
2020-05-12,Porto,Olbia,242.0,0.0,217.0,0.0
2020-05-11,Porto,Olbia,250.0,0.0,233.0,0.0
2020-05-10,Porto,Olbia,156.0,0.0,168.0,0.0
2020-05-09,Porto,Olbia,206.0,0.0,132.0,0.0
2020-05-08,Porto,Olbia,236.0,0.0,190.0,0.0
2020-05-07,Porto,Olbia,258.0,0.0,228.0,0.0
2020-05-06,Porto,Olbia,258.0,0.0,192.0,0.0
2020-05-05,Porto,Olbia,232.0,0.0,179.0,0.0
2020-05-04,Porto,Olbia,118.0,0.0,252.0,0.0
2020-05-03,Porto,Olbia,58.0,0.0,92.0,0.0
2020-05-02,Porto,Olbia,50.0,0.0,81.0,0.0
2020-05-01,Porto,Olbia,130.0,0.0,34.0,0.0
2020-04-30,Porto,Olbia,140.0,0.0,88.0,0.0
2020-04-29,Porto,Olbia,173.0,0.0,115.0,0.0
2020-04-28,Porto,Olbia,138.0,0.0,127.0,0.0
2020-04-27,Porto,Olbia,89.0,0.0,155.0,0.0
2020-04-26,Porto,Olbia,42.0,0.0,82.0,0.0
2020-04-25,Porto,Olbia,110.0,0.0,70.0,0.0
2020-04-24,Porto,Olbia,124.0,0.0,102.0,0.0
2020-04-23,Porto,Olbia,147.0,0.0,118.0,0.0
2020-04-22,Porto,Olbia,125.0,0.0,91.0,0.0
2020-04-21,Porto,Olbia,127.0,0.0,127.0,0.0
2020-04-20,Porto,Olbia,40.0,0.0,127.0,0.0
2020-04-19,Porto,Olbia,74.0,0.0,57.0,0.0
2020-04-18,Porto,Olbia,121.0,0.0,72.0,0.0
2020-04-17,Porto,Olbia,145.0,0.0,74.0,0.0
2020-04-16,Porto,Olbia,127.0,0.0,112.0,0.0
2020-04-15,Porto,Olbia,146.0,0.0,109.0,0.0
2020-04-14,Porto,Olbia,51.0,0.0,141.0,0.0
2020-04-13,Porto,Olbia,5.0,0.0,83.0,0.0
2020-04-12,Porto,Olbia,42.0,0.0,10.0,0.0
2020-04-11,Porto,Olbia,96.0,0.0,38.0,0.0
2020-04-10,Porto,Olbia,130.0,0.0,69.0,0.0
2020-04-09,Porto,Olbia,131.0,0.0,100.0,0.0
2020-04-08,Porto,Olbia,148.0,0.0,120.0,0.0
2020-04-07,Porto,Olbia,121.0,0.0,112.0,0.0
2020-04-06,Porto,Olbia,97.0,0.0,143.0,0.0
2020-04-05,Porto,Olbia,85.0,0.0,84.0,0.0
2020-04-04,Porto,Olbia,99.0,0.0,122.0,0.0
2020-04-03,Porto,Olbia,130.0,0.0,76.0,0.0
2020-04-02,Porto,Olbia,126.0,0.0,94.0,0.0
2020-04-01,Porto,Olbia,136.0,0.0,161.0,0.0
2020-03-31,Porto,Olbia,83.0,20.0,131.0,22.0
2020-03-30,Porto,Olbia,65.0,0.0,73.0,0.0
2020-03-29,Porto,Olbia,72.0,0.0,66.0,0.0
2020-03-28,Porto,Olbia,123.0,0.0,87.0,0.0
2020-03-27,Porto,Olbia,115.0,0.0,76.0,0.0
2020-03-26,Porto,Olbia,131.0,17.0,113.0,8.0
2020-03-25,Porto,Olbia,123.0,0.0,86.0,0.0
2020-03-24,Porto,Olbia,95.0,14.0,104.0,12.0
2020-03-23,Porto,Olbia,99.0,0.0,144.0,0.0
2020-03-22,Porto,Olbia,112.0,0.0,63.0,0.0
2020-03-21,Porto,Olbia,127.0,0.0,75.0,0.0
2020-03-20,Porto,Olbia,144.0,16.0,87.0,3.0
2020-03-19,Porto,Olbia,227.0,0.0,148.0,0.0
2020-03-18,Porto,Olbia,154.0,6.0,109.0,14.0
2020-03-17,Porto,Olbia,76.0,6.0,89.0,4.0
2020-03-16,Porto,Olbia,168.0,0.0,79.0,0.0
2020-03-15,Porto,Olbia,253.0,0.0,115.0,0.0
2020-03-14,Porto,Olbia,407.0,0.0,277.0,0.0
2020-03-13,Porto,Olbia,481.0,0.0,410.0,0.0
2020-03-12,Porto,Olbia,562.0,0.0,455.0,0.0
2020-03-11,Porto,Olbia,604.0,0.0,450.0,0.0
2020-03-10,Porto,Olbia,744.0,0.0,733.0,0.0
2020-03-09,Porto,Olbia,886.0,0.0,512.0,0.0
2020-03-08,Porto,Olbia,641.0,0.0,594.0,0.0
2020-03-07,Porto,Olbia,816.0,0.0,949.0,0.0
2020-03-06,Porto,Olbia,876.0,0.0,703.0,0.0
2020-03-05,Porto,Olbia,799.0,0.0,689.0,0.0
2020-03-04,Porto,Olbia,615.0,0.0,666.0,0.0
2020-03-03,Porto,Olbia,934.0,0.0,547.0,0.0
2020-03-02,Porto,Olbia,879.0,0.0,709.0,0.0
2020-03-01,Porto,Olbia,698.0,0.0,739.0,0.0
2020-02-29,Porto,Olbia,886.0,0.0,953.0,0.0
2020-02-28,Porto,Olbia,846.0,0.0,1001.0,0.0
2020-02-27,Porto,Olbia,1089.0,0.0,885.0,0.0
2020-02-26,Porto,Olbia,980.0,0.0,688.0,0.0
2020-02-25,Porto,Olbia,1540.0,0.0,945.0,0.0
2020-02-24,Porto,Olbia,1299.0,0.0,933.0,0.0
2020-02-23,Porto,Olbia,835.0,0.0,797.0,0.0
2020-02-22,Porto,Olbia,1522.0,0.0,999.0,0.0
2020-02-21,Porto,Olbia,1151.0,0.0,1307.0,0.0
2020-02-20,Porto,Olbia,1023.0,0.0,1164.0,0.0
2020-02-19,Porto,Olbia,846.0,0.0,788.0,0.0
2020-02-18,Porto,Olbia,1136.0,0.0,798.0,0.0
2020-02-17,Porto,Olbia,1112.0,0.0,750.0,0.0
2020-02-16,Porto,Olbia,769.0,0.0,796.0,0.0
2020-02-15,Porto,Olbia,903.0,0.0,968.0,0.0
2020-02-14,Porto,Olbia,897.0,0.0,947.0,0.0
2020-02-13,Porto,Olbia,954.0,0.0,1005.0,0.0
2020-02-12,Porto,Olbia,650.0,0.0,689.0,0.0
2020-02-11,Porto,Olbia,772.0,0.0,715.0,0.0
2020-02-10,Porto,Olbia,1140.0,0.0,848.0,0.0
2020-02-09,Porto,Olbia,779.0,0.0,770.0,0.0
2020-02-08,Porto,Olbia,989.0,0.0,1030.0,0.0
2020-02-07,Porto,Olbia,826.0,0.0,936.0,0.0
2020-02-06,Porto,Olbia,764.0,0.0,776.0,0.0
2020-02-05,Porto,Olbia,687.0,0.0,694.0,0.0
2020-02-04,Porto,Olbia,1048.0,0.0,780.0,0.0
2020-02-03,Porto,Olbia,1007.0,0.0,722.0,0.0
2020-02-02,Porto,Olbia,747.0,0.0,667.0,0.0
2020-02-01,Porto,Olbia,1011.0,0.0,855.0,0.0
2020-01-31,Porto,Olbia,779.0,0.0,909.0,0.0
2020-01-30,Porto,Olbia,757.0,0.0,868.0,0.0
2020-01-29,Porto,Olbia,588.0,0.0,633.0,0.0
2020-01-28,Porto,Olbia,804.0,0.0,666.0,0.0
2020-01-27,Porto,Olbia,1008.0,0.0,673.0,0.0
2020-01-26,Porto,Olbia,737.0,0.0,825.0,0.0
2020-01-25,Porto,Olbia,871.0,0.0,797.0,0.0
2020-01-24,Porto,Olbia,742.0,0.0,866.0,0.0
2020-01-23,Porto,Olbia,742.0,0.0,787.0,0.0
2020-01-22,Porto,Olbia,658.0,0.0,851.0,0.0
2020-01-21,Porto,Olbia,869.0,0.0,617.0,0.0
2020-01-20,Porto,Olbia,866.0,0.0,710.0,0.0
2020-01-19,Porto,Olbia,693.0,0.0,808.0,0.0
2020-01-18,Porto,Olbia,910.0,0.0,926.0,0.0
2020-01-17,Porto,Olbia,855.0,0.0,949.0,0.0
2020-01-16,Porto,Olbia,912.0,0.0,891.0,0.0
2020-01-15,Porto,Olbia,715.0,0.0,639.0,0.0
2020-01-14,Porto,Olbia,902.0,0.0,603.0,0.0
2020-01-13,Porto,Olbia,1000.0,0.0,737.0,0.0
2020-01-12,Porto,Olbia,849.0,0.0,628.0,0.0
2020-01-11,Porto,Olbia,853.0,0.0,991.0,0.0
2020-01-10,Porto,Olbia,759.0,0.0,971.0,0.0
2020-01-09,Porto,Olbia,1052.0,0.0,800.0,0.0
2020-01-08,Porto,Olbia,1084.0,0.0,843.0,0.0
2020-01-07,Porto,Olbia,1219.0,0.0,1569.0,0.0
2020-01-06,Porto,Olbia,1877.0,0.0,2569.0,0.0
2020-01-05,Porto,Olbia,1567.0,0.0,3297.0,0.0
2020-01-04,Porto,Olbia,1822.0,0.0,3530.0,0.0
2020-01-03,Porto,Olbia,1491.0,0.0,2506.0,0.0
2020-01-02,Porto,Olbia,1172.0,0.0,2418.0,0.0
2020-01-01,Porto,Olbia,80.0,0.0,1562.0,0.0
2019-12-31,Porto,Olbia,1375.0,0.0,331.0,0.0
2019-12-30,Porto,Olbia,1919.0,0.0,2206.0,0.0
2019-12-29,Porto,Olbia,2033.0,0.0,2061.0,0.0
2019-12-28,Porto,Olbia,2652.0,0.0,2600.0,0.0
2019-12-27,Porto,Olbia,2412.0,0.0,2297.0,0.0
2019-12-26,Porto,Olbia,1232.0,0.0,1742.0,0.0
2019-12-25,Porto,Olbia,227.0,0.0,751.0,0.0
2019-12-24,Porto,Olbia,3400.0,0.0,300.0,0.0
2019-12-23,Porto,Olbia,3613.0,0.0,1652.0,0.0
2019-12-22,Porto,Olbia,3572.0,0.0,2845.0,0.0
2019-12-21,Porto,Olbia,3882.0,0.0,1989.0,0.0
2019-12-20,Porto,Olbia,2442.0,0.0,2576.0,0.0
2019-12-19,Porto,Olbia,1396.0,0.0,1012.0,0.0
2019-12-18,Porto,Olbia,795.0,0.0,661.0,0.0
2019-12-17,Porto,Olbia,1030.0,0.0,947.0,0.0
2019-12-16,Porto,Olbia,1128.0,0.0,833.0,0.0
2019-12-15,Porto,Olbia,751.0,0.0,967.0,0.0
2019-12-14,Porto,Olbia,1020.0,0.0,1130.0,0.0
2019-12-13,Porto,Olbia,819.0,0.0,1029.0,0.0
2019-12-12,Porto,Olbia,914.0,0.0,882.0,0.0
2019-12-11,Porto,Olbia,651.0,0.0,790.0,0.0
2019-12-10,Porto,Olbia,1166.0,0.0,858.0,0.0
2019-12-09,Porto,Olbia,1214.0,0.0,808.0,0.0
2019-12-08,Porto,Olbia,671.0,0.0,847.0,0.0
2019-12-07,Porto,Olbia,927.0,0.0,970.0,0.0
2019-12-06,Porto,Olbia,853.0,0.0,1066.0,0.0
2019-12-05,Porto,Olbia,870.0,0.0,963.0,0.0
2019-12-04,Porto,Olbia,768.0,0.0,724.0,0.0
2019-12-03,Porto,Olbia,901.0,0.0,810.0,0.0
2019-12-02,Porto,Olbia,914.0,0.0,954.0,0.0
2019-12-01,Porto,Olbia,771.0,0.0,849.0,0.0
2019-11-30,Porto,Olbia,960.0,0.0,1001.0,0.0
2019-11-29,Porto,Olbia,817.0,0.0,1097.0,0.0
2019-11-28,Porto,Olbia,809.0,0.0,1010.0,0.0
2019-11-27,Porto,Olbia,626.0,0.0,797.0,0.0
2019-11-26,Porto,Olbia,986.0,0.0,831.0,0.0
2019-11-25,Porto,Olbia,1023.0,0.0,791.0,0.0
2019-11-24,Porto,Olbia,716.0,0.0,736.0,0.0
2019-11-23,Porto,Olbia,884.0,0.0,897.0,0.0
2019-11-22,Porto,Olbia,876.0,0.0,1015.0,0.0
2019-11-21,Porto,Olbia,937.0,0.0,1008.0,0.0
2019-11-20,Porto,Olbia,716.0,0.0,806.0,0.0
2019-11-19,Porto,Olbia,810.0,0.0,886.0,0.0
2019-11-18,Porto,Olbia,1022.0,0.0,838.0,0.0
2019-11-17,Porto,Olbia,785.0,0.0,867.0,0.0
2019-11-16,Porto,Olbia,893.0,0.0,989.0,0.0
2019-11-15,Porto,Olbia,770.0,0.0,1060.0,0.0
2019-11-14,Porto,Olbia,938.0,0.0,1114.0,0.0
2019-11-13,Porto,Olbia,746.0,0.0,853.0,0.0
2019-11-12,Porto,Olbia,1029.0,0.0,882.0,0.0
2019-11-11,Porto,Olbia,1326.0,0.0,795.0,0.0
2019-11-10,Porto,Olbia,906.0,0.0,1015.0,0.0
2019-11-09,Porto,Olbia,1109.0,0.0,1321.0,0.0
2019-11-08,Porto,Olbia,966.0,0.0,1218.0,0.0
2019-11-07,Porto,Olbia,923.0,0.0,1248.0,0.0
2019-11-06,Porto,Olbia,807.0,0.0,1035.0,0.0
2019-11-05,Porto,Olbia,1475.0,0.0,1065.0,0.0
2019-11-04,Porto,Olbia,2255.0,0.0,1670.0,0.0
2019-11-03,Porto,Olbia,1284.0,0.0,2412.0,0.0
2019-11-02,Porto,Olbia,876.0,0.0,2372.0,0.0
2019-11-01,Porto,Olbia,2331.0,0.0,1394.0,0.0
2019-10-31,Porto,Olbia,1876.0,0.0,2636.0,0.0
2019-10-30,Porto,Olbia,949.0,0.0,1851.0,0.0
2019-10-29,Porto,Olbia,1256.0,0.0,1472.0,0.0
2019-10-28,Porto,Olbia,2283.0,0.0,1468.0,0.0
2019-10-27,Porto,Olbia,1493.0,0.0,1314.0,0.0
2019-10-26,Porto,Olbia,1823.0,0.0,1851.0,0.0
2019-10-25,Porto,Olbia,1218.0,0.0,2453.0,0.0
2019-10-24,Porto,Olbia,1148.0,0.0,2074.0,0.0
2019-10-23,Porto,Olbia,1323.0,0.0,1880.0,0.0
2019-10-22,Porto,Olbia,1392.0,0.0,1581.0,0.0
2019-10-21,Porto,Olbia,1745.0,0.0,2058.0,36.0
2019-10-20,Porto,Olbia,1631.0,0.0,2283.0,0.0
2019-10-19,Porto,Olbia,1424.0,0.0,2498.0,0.0
2019-10-18,Porto,Olbia,1419.0,0.0,3254.0,0.0
2019-10-17,Porto,Olbia,1219.0,0.0,2572.0,0.0
2019-10-16,Porto,Olbia,1235.0,0.0,2170.0,0.0
2019-10-15,Porto,Olbia,1522.0,0.0,1988.0,0.0
2019-10-14,Porto,Olbia,2207.0,0.0,2874.0,0.0
2019-10-13,Porto,Olbia,1967.0,0.0,2681.0,0.0
2019-10-12,Porto,Olbia,2001.0,0.0,3344.0,0.0
2019-10-11,Porto,Olbia,1797.0,0.0,3942.0,0.0
2019-10-10,Porto,Olbia,1914.0,0.0,2996.0,0.0
2019-10-09,Porto,Olbia,1327.0,0.0,2399.0,0.0
2019-10-08,Porto,Olbia,1963.0,0.0,2831.0,0.0
2019-10-07,Porto,Olbia,2014.0,0.0,2703.0,0.0
2019-10-06,Porto,Olbia,2789.0,0.0,3376.0,0.0
2019-10-05,Porto,Olbia,2698.0,0.0,3699.0,0.0
2019-10-04,Porto,Olbia,3124.0,0.0,4651.0,0.0
2019-10-03,Porto,Olbia,1956.0,0.0,3074.0,0.0
2019-10-02,Porto,Olbia,1998.0,0.0,3049.0,0.0
2019-10-01,Porto,Olbia,2253.0,0.0,2562.0,0.0
2019-09-30,Porto,Olbia,3147.0,0.0,4844.0,0.0
2019-09-29,Porto,Olbia,2343.0,0.0,5419.0,0.0
2019-09-28,Porto,Olbia,4237.0,0.0,6487.0,0.0
2019-09-27,Porto,Olbia,2899.0,0.0,4850.0,0.0
2019-09-26,Porto,Olbia,2590.0,0.0,5260.0,0.0
2019-09-25,Porto,Olbia,2153.0,0.0,3481.0,0.0
2019-09-24,Porto,Olbia,2841.0,0.0,4843.0,0.0
2019-09-23,Porto,Olbia,3711.0,0.0,4762.0,0.0
2019-09-22,Porto,Olbia,4715.0,0.0,7362.0,0.0
2019-09-21,Porto,Olbia,5317.0,0.0,7748.0,0.0
2019-09-20,Porto,Olbia,3751.0,0.0,5878.0,0.0
2019-09-19,Porto,Olbia,3321.0,0.0,5003.0,0.0
2019-09-18,Porto,Olbia,2971.0,0.0,5097.0,0.0
2019-09-17,Porto,Olbia,4076.0,0.0,4577.0,0.0
2019-09-16,Porto,Olbia,5465.0,0.0,7074.0,0.0
2019-09-15,Porto,Olbia,5278.0,0.0,9605.0,0.0
2019-09-14,Porto,Olbia,7210.0,0.0,14127.0,0.0
2019-09-13,Porto,Olbia,4253.0,0.0,8922.0,0.0
2019-09-12,Porto,Olbia,4350.0,0.0,8433.0,0.0
2019-09-11,Porto,Olbia,3524.0,0.0,5949.0,0.0
2019-09-10,Porto,Olbia,5505.0,0.0,10835.0,0.0
2019-09-09,Porto,Olbia,6037.0,0.0,10546.0,0.0
2019-09-08,Porto,Olbia,7732.0,0.0,16357.0,0.0
2019-09-07,Porto,Olbia,10879.0,0.0,17755.0,0.0
2019-09-06,Porto,Olbia,6431.0,0.0,11881.0,0.0
2019-09-05,Porto,Olbia,6434.0,0.0,12847.0,0.0
2019-09-04,Porto,Olbia,5421.0,0.0,11602.0,0.0
2019-09-03,Porto,Olbia,8624.0,0.0,12253.0,0.0
2019-09-02,Porto,Olbia,9991.0,0.0,13219.0,0.0
2019-09-01,Porto,Olbia,13371.0,0.0,18936.0,0.0
2019-08-31,Porto,Olbia,12700.0,0.0,20116.0,0.0
2019-08-30,Porto,Olbia,7122.0,0.0,16197.0,0.0
2019-08-29,Porto,Olbia,5913.0,0.0,18549.0,0.0
2019-08-28,Porto,Olbia,5535.0,0.0,16005.0,0.0
2019-08-27,Porto,Olbia,7701.0,0.0,14321.0,0.0
2019-08-26,Porto,Olbia,8986.0,0.0,16121.0,0.0
2019-08-25,Porto,Olbia,10425.0,0.0,18434.0,0.0
2019-08-24,Porto,Olbia,12409.0,0.0,21387.0,0.0
2019-08-23,Porto,Olbia,8574.0,0.0,16527.0,0.0
2019-08-22,Porto,Olbia,7627.0,0.0,18015.0,0.0
2019-08-21,Porto,Olbia,7230.0,0.0,14775.0,0.0
2019-08-20,Porto,Olbia,10541.0,0.0,14470.0,0.0
2019-08-19,Porto,Olbia,12565.0,0.0,15153.0,0.0
2019-08-18,Porto,Olbia,13713.0,0.0,18761.0,0.0
2019-08-17,Porto,Olbia,14988.0,0.0,19676.0,0.0
2019-08-16,Porto,Olbia,13126.0,0.0,15295.0,0.0
2019-08-15,Porto,Olbia,12616.0,0.0,11451.0,0.0
2019-08-14,Porto,Olbia,12709.0,0.0,10294.0,0.0
2019-08-13,Porto,Olbia,12724.0,0.0,9268.0,0.0
2019-08-12,Porto,Olbia,18502.0,0.0,11299.0,0.0
2019-08-11,Porto,Olbia,19429.0,0.0,12112.0,0.0
2019-08-10,Porto,Olbia,19817.0,0.0,13554.0,0.0
2019-08-09,Porto,Olbia,18658.0,0.0,12309.0,0.0
2019-08-08,Porto,Olbia,15263.0,0.0,8287.0,0.0
2019-08-07,Porto,Olbia,15059.0,0.0,7031.0,0.0
2019-08-06,Porto,Olbia,14077.0,0.0,6640.0,0.0
2019-08-05,Porto,Olbia,15133.0,0.0,8423.0,0.0
2019-08-04,Porto,Olbia,18189.0,0.0,12132.0,0.0
2019-08-03,Porto,Olbia,17379.0,0.0,13690.0,0.0
2019-08-02,Porto,Olbia,17085.0,0.0,11863.0,0.0
2019-08-01,Porto,Olbia,14850.0,0.0,8140.0,0.0
2019-07-31,Porto,Olbia,13480.0,0.0,10939.0,0.0
2019-07-30,Porto,Olbia,10787.0,0.0,9872.0,0.0
2019-07-29,Porto,Olbia,13037.0,0.0,12361.0,0.0
2019-07-28,Porto,Olbia,16894.0,0.0,16271.0,0.0
2019-07-27,Porto,Olbia,14951.0,0.0,14527.0,0.0
2019-07-26,Porto,Olbia,13076.0,0.0,12702.0,0.0
2019-07-25,Porto,Olbia,10456.0,0.0,9139.0,0.0
2019-07-24,Porto,Olbia,9556.0,0.0,7655.0,0.0
2019-07-23,Porto,Olbia,8231.0,0.0,6313.0,0.0
2019-07-22,Porto,Olbia,10905.0,0.0,7981.0,0.0
2019-07-21,Porto,Olbia,13554.0,0.0,12309.0,0.0
2019-07-20,Porto,Olbia,14202.0,0.0,12021.0,0.0
2019-07-19,Porto,Olbia,13036.0,0.0,10179.0,0.0
2019-07-18,Porto,Olbia,9079.0,0.0,6747.0,0.0
2019-07-17,Porto,Olbia,8704.0,0.0,5970.0,0.0
2019-07-16,Porto,Olbia,9691.0,0.0,6464.0,0.0
2019-07-15,Porto,Olbia,13476.0,0.0,9313.0,0.0
2019-07-14,Porto,Olbia,14397.0,0.0,12989.0,0.0
2019-07-13,Porto,Olbia,14666.0,0.0,12927.0,0.0
2019-07-12,Porto,Olbia,11832.0,0.0,10673.0,0.0
2019-07-11,Porto,Olbia,7790.0,0.0,6995.0,0.0
2019-07-10,Porto,Olbia,7658.0,0.0,6014.0,0.0
2019-07-09,Porto,Olbia,8247.0,0.0,5899.0,0.0
2019-07-08,Porto,Olbia,9881.0,0.0,6869.0,0.0
2019-07-07,Porto,Olbia,12371.0,0.0,10396.0,0.0
2019-07-06,Porto,Olbia,13615.0,0.0,11219.0,0.0
2019-07-05,Porto,Olbia,11938.0,0.0,8083.0,0.0
2019-07-04,Porto,Olbia,7799.0,0.0,5408.0,0.0
2019-07-03,Porto,Olbia,8290.0,0.0,4427.0,0.0
2019-07-02,Porto,Olbia,9540.0,0.0,4888.0,0.0
2019-07-01,Porto,Olbia,11787.0,0.0,6843.0,0.0
2019-06-30,Porto,Olbia,14311.0,0.0,12068.0,0.0
2019-06-29,Porto,Olbia,14788.0,0.0,12647.0,0.0
2019-06-28,Porto,Olbia,12266.0,0.0,9025.0,0.0
2019-06-27,Porto,Olbia,7552.0,0.0,5793.0,0.0
2019-06-26,Porto,Olbia,6719.0,0.0,4665.0,0.0
2019-06-25,Porto,Olbia,6695.0,0.0,5084.0,0.0
2019-06-24,Porto,Olbia,7181.0,0.0,5013.0,0.0
2019-06-23,Porto,Olbia,10043.0,0.0,8868.0,0.0
2019-06-22,Porto,Olbia,13574.0,0.0,11697.0,0.0
2019-06-21,Porto,Olbia,11457.0,0.0,9310.0,0.0
2019-06-20,Porto,Olbia,7465.0,0.0,6296.0,0.0
2019-06-19,Porto,Olbia,6251.0,0.0,4826.0,0.0
2019-06-18,Porto,Olbia,6820.0,0.0,3950.0,0.0
2019-06-17,Porto,Olbia,7619.0,0.0,3960.0,0.0
2019-06-16,Porto,Olbia,8624.0,0.0,7059.0,0.0
2019-06-15,Porto,Olbia,11706.0,0.0,7724.0,0.0
2019-06-14,Porto,Olbia,7753.0,0.0,4270.0,0.0
2019-06-13,Porto,Olbia,7768.0,0.0,3669.0,0.0
2019-06-12,Porto,Olbia,4897.0,0.0,2512.0,0.0
2019-06-11,Porto,Olbia,7100.0,0.0,3033.0,0.0
2019-06-10,Porto,Olbia,5907.0,0.0,2350.0,0.0
2019-06-09,Porto,Olbia,9770.0,0.0,4480.0,0.0
2019-06-08,Porto,Olbia,9689.0,0.0,4707.0,0.0
2019-06-07,Porto,Olbia,5549.0,0.0,3859.0,0.0
2019-06-06,Porto,Olbia,4117.0,0.0,3279.0,0.0
2019-06-05,Porto,Olbia,2954.0,0.0,1781.0,0.0
2019-06-04,Porto,Olbia,3764.0,0.0,1929.0,0.0
2019-06-03,Porto,Olbia,4467.0,0.0,2487.0,0.0
2019-06-02,Porto,Olbia,3772.0,0.0,3738.0,0.0
2019-06-01,Porto,Olbia,6928.0,0.0,3141.0,0.0
2019-05-31,Porto,Olbia,4381.0,0.0,2863.0,0.0
2019-05-30,Porto,Olbia,4759.0,0.0,2613.0,0.0
2019-05-29,Porto,Olbia,2347.0,0.0,1671.0,0.0
2019-05-28,Porto,Olbia,3766.0,0.0,1777.0,0.0
2019-05-27,Porto,Olbia,3047.0,0.0,1596.0,0.0
2019-05-26,Porto,Olbia,2877.0,0.0,1792.0,0.0
2019-05-25,Porto,Olbia,3285.0,0.0,2527.0,0.0
2019-05-24,Porto,Olbia,2296.0,0.0,2308.0,0.0
2019-05-23,Porto,Olbia,2074.0,0.0,1966.0,0.0
2019-05-22,Porto,Olbia,1559.0,0.0,1374.0,0.0
2019-05-21,Porto,Olbia,2677.0,0.0,1448.0,0.0
2019-05-20,Porto,Olbia,2761.0,0.0,1540.0,0.0
2019-05-19,Porto,Olbia,1654.0,0.0,1871.0,0.0
2019-05-18,Porto,Olbia,2915.0,0.0,1869.0,0.0
2019-05-17,Porto,Olbia,2499.0,0.0,1983.0,0.0
2019-05-16,Porto,Olbia,2206.0,0.0,1683.0,0.0
2019-05-15,Porto,Olbia,1693.0,0.0,1320.0,0.0
2019-05-14,Porto,Olbia,1992.0,0.0,1370.0,0.0
2019-05-13,Porto,Olbia,2491.0,0.0,1456.0,0.0
2019-05-12,Porto,Olbia,1395.0,0.0,1266.0,0.0
2019-05-11,Porto,Olbia,2042.0,0.0,1732.0,0.0
2019-05-10,Porto,Olbia,1870.0,0.0,2249.0,0.0
2019-05-09,Porto,Olbia,1656.0,0.0,1610.0,0.0
2019-05-08,Porto,Olbia,1414.0,0.0,1424.0,0.0
2019-05-07,Porto,Olbia,2017.0,0.0,1670.0,0.0
2019-05-06,Porto,Olbia,1961.0,0.0,1746.0,0.0
2019-05-05,Porto,Olbia,1796.0,0.0,2490.0,0.0
2019-05-04,Porto,Olbia,2066.0,0.0,4038.0,0.0
2019-05-03,Porto,Olbia,1730.0,0.0,2807.0,0.0
2019-05-02,Porto,Olbia,1609.0,0.0,2362.0,0.0
2019-05-01,Porto,Olbia,1984.0,0.0,2749.0,0.0
2019-04-30,Porto,Olbia,1791.0,0.0,3832.0,0.0
2019-04-29,Porto,Olbia,2473.0,0.0,3572.0,0.0
2019-04-28,Porto,Olbia,2481.0,0.0,3501.0,0.0
2019-04-27,Porto,Olbia,3777.0,0.0,8596.0,0.0
2019-04-26,Porto,Olbia,2556.0,0.0,4745.0,0.0
2019-04-25,Porto,Olbia,4388.0,0.0,4106.0,0.0
2019-04-24,Porto,Olbia,2944.0,0.0,3102.0,0.0
2019-04-23,Porto,Olbia,3319.0,0.0,2823.0,0.0
2019-04-22,Porto,Olbia,4060.0,0.0,3193.0,0.0
2019-04-21,Porto,Olbia,3435.0,0.0,1179.0,0.0
2019-04-20,Porto,Olbia,7098.0,0.0,1365.0,0.0
2019-04-19,Porto,Olbia,5842.0,0.0,2757.0,0.0
2019-04-18,Porto,Olbia,5521.0,0.0,2178.0,0.0
2019-04-17,Porto,Olbia,2538.0,0.0,1703.0,0.0
2019-04-16,Porto,Olbia,2238.0,0.0,1225.0,0.0
2019-04-15,Porto,Olbia,2434.0,0.0,919.0,0.0
2019-04-14,Porto,Olbia,2222.0,0.0,1094.0,0.0
2019-04-13,Porto,Olbia,2264.0,0.0,1405.0,0.0
2019-04-12,Porto,Olbia,1470.0,0.0,1421.0,0.0
2019-04-11,Porto,Olbia,1349.0,0.0,1226.0,0.0
2019-04-10,Porto,Olbia,1226.0,0.0,921.0,0.0
2019-04-09,Porto,Olbia,1365.0,0.0,852.0,0.0
2019-04-08,Porto,Olbia,1742.0,0.0,1227.0,0.0
2019-04-07,Porto,Olbia,1096.0,0.0,1136.0,0.0
2019-04-06,Porto,Olbia,1326.0,0.0,1165.0,0.0
2019-04-05,Porto,Olbia,1188.0,0.0,1206.0,0.0
2019-04-04,Porto,Olbia,1311.0,0.0,1274.0,0.0
2019-04-03,Porto,Olbia,1098.0,0.0,763.0,0.0
2019-04-02,Porto,Olbia,1345.0,0.0,837.0,0.0
2019-04-01,Porto,Olbia,1588.0,0.0,842.0,0.0
2019-03-31,Porto,Olbia,1026.0,0.0,924.0,0.0
2019-03-30,Porto,Olbia,1464.0,0.0,1389.0,0.0
2019-03-29,Porto,Olbia,1235.0,0.0,1432.0,0.0
2019-03-28,Porto,Olbia,1194.0,0.0,1406.0,0.0
2019-03-27,Porto,Olbia,875.0,0.0,891.0,0.0
2019-03-26,Porto,Olbia,1255.0,0.0,980.0,0.0
2019-03-25,Porto,Olbia,1767.0,0.0,952.0,0.0
2019-03-24,Porto,Olbia,945.0,0.0,997.0,0.0
2019-03-23,Porto,Olbia,1246.0,0.0,1165.0,0.0
2019-03-22,Porto,Olbia,1207.0,0.0,1321.0,0.0
2019-03-21,Porto,Olbia,1059.0,0.0,1135.0,0.0
2019-03-20,Porto,Olbia,882.0,0.0,774.0,0.0
2019-03-19,Porto,Olbia,1115.0,0.0,760.0,0.0
2019-03-18,Porto,Olbia,1287.0,0.0,983.0,0.0
2019-03-17,Porto,Olbia,967.0,0.0,1189.0,0.0
2019-03-16,Porto,Olbia,1282.0,0.0,1311.0,0.0
2019-03-15,Porto,Olbia,1329.0,0.0,1439.0,0.0
2019-03-14,Porto,Olbia,1038.0,0.0,904.0,0.0
2019-03-13,Porto,Olbia,641.0,0.0,798.0,0.0
2019-03-12,Porto,Olbia,1043.0,0.0,872.0,0.0
2019-03-11,Porto,Olbia,1206.0,0.0,903.0,0.0
2019-03-10,Porto,Olbia,921.0,0.0,937.0,0.0
2019-03-09,Porto,Olbia,1147.0,0.0,1220.0,0.0
2019-03-08,Porto,Olbia,1038.0,0.0,1275.0,0.0
2019-03-07,Porto,Olbia,1010.0,0.0,1058.0,0.0
2019-03-06,Porto,Olbia,881.0,0.0,946.0,0.0
2019-03-05,Porto,Olbia,1091.0,0.0,900.0,0.0
2019-03-04,Porto,Olbia,1053.0,0.0,999.0,0.0
2019-03-03,Porto,Olbia,1083.0,0.0,913.0,0.0
2019-03-02,Porto,Olbia,1618.0,0.0,1098.0,0.0
2019-03-01,Porto,Olbia,1248.0,0.0,1156.0,0.0
2019-02-28,Porto,Olbia,1014.0,0.0,1131.0,0.0
2019-02-27,Porto,Olbia,853.0,0.0,755.0,0.0
2019-02-26,Porto,Olbia,993.0,0.0,983.0,0.0
2019-02-25,Porto,Olbia,1103.0,0.0,931.0,0.0
2019-02-24,Porto,Olbia,772.0,0.0,990.0,0.0
2019-02-23,Porto,Olbia,1206.0,0.0,772.0,0.0
2019-02-22,Porto,Olbia,1082.0,0.0,1055.0,0.0
2019-02-21,Porto,Olbia,937.0,0.0,840.0,0.0
2019-02-20,Porto,Olbia,786.0,0.0,599.0,0.0
2019-02-19,Porto,Olbia,896.0,0.0,777.0,0.0
2019-02-18,Porto,Olbia,1095.0,0.0,830.0,0.0
2019-02-17,Porto,Olbia,764.0,0.0,751.0,0.0
2019-02-16,Porto,Olbia,954.0,0.0,845.0,0.0
2019-02-15,Porto,Olbia,763.0,0.0,881.0,0.0
2019-02-14,Porto,Olbia,747.0,0.0,845.0,0.0
2019-02-13,Porto,Olbia,572.0,0.0,712.0,0.0
2019-02-12,Porto,Olbia,835.0,0.0,676.0,0.0
2019-02-11,Porto,Olbia,926.0,0.0,657.0,0.0
2019-02-10,Porto,Olbia,1417.0,0.0,697.0,0.0
2019-02-09,Porto,Olbia,844.0,0.0,791.0,0.0
2019-02-08,Porto,Olbia,715.0,0.0,1512.0,0.0
2019-02-07,Porto,Olbia,755.0,0.0,812.0,0.0
2019-02-06,Porto,Olbia,709.0,0.0,571.0,0.0
2019-02-05,Porto,Olbia,690.0,0.0,681.0,0.0
2019-02-04,Porto,Olbia,865.0,0.0,578.0,0.0
2019-02-03,Porto,Olbia,574.0,0.0,656.0,0.0
2019-02-02,Porto,Olbia,837.0,0.0,727.0,0.0
2019-02-01,Porto,Olbia,696.0,0.0,943.0,0.0
2019-01-31,Porto,Olbia,665.0,0.0,722.0,0.0
2019-01-30,Porto,Olbia,637.0,0.0,571.0,0.0
2019-01-29,Porto,Olbia,685.0,0.0,533.0,0.0
2019-01-28,Porto,Olbia,918.0,0.0,772.0,0.0
2019-01-27,Porto,Olbia,641.0,0.0,777.0,0.0
2019-01-26,Porto,Olbia,868.0,0.0,687.0,0.0
2019-01-25,Porto,Olbia,758.0,0.0,849.0,0.0
2019-01-24,Porto,Olbia,839.0,0.0,590.0,0.0
2019-01-23,Porto,Olbia,624.0,0.0,563.0,0.0
2019-01-22,Porto,Olbia,766.0,0.0,604.0,0.0
2019-01-21,Porto,Olbia,810.0,0.0,638.0,0.0
2019-01-20,Porto,Olbia,741.0,0.0,744.0,0.0
2019-01-19,Porto,Olbia,841.0,0.0,914.0,0.0
2019-01-18,Porto,Olbia,770.0,0.0,922.0,0.0
2019-01-17,Porto,Olbia,760.0,0.0,850.0,0.0
2019-01-16,Porto,Olbia,703.0,0.0,573.0,0.0
2019-01-15,Porto,Olbia,719.0,0.0,720.0,0.0
2019-01-14,Porto,Olbia,1014.0,0.0,769.0,0.0
2019-01-13,Porto,Olbia,727.0,0.0,548.0,0.0
2019-01-12,Porto,Olbia,841.0,0.0,810.0,0.0
2019-01-11,Porto,Olbia,750.0,0.0,869.0,0.0
2019-01-10,Porto,Olbia,933.0,0.0,768.0,0.0
2019-01-09,Porto,Olbia,1151.0,0.0,851.0,0.0
2019-01-08,Porto,Olbia,1297.0,0.0,983.0,0.0
2019-01-07,Porto,Olbia,1146.0,0.0,1299.0,0.0
2019-01-06,Porto,Olbia,1828.0,0.0,1950.0,0.0
2019-01-05,Porto,Olbia,1670.0,0.0,3393.0,0.0
2019-01-04,Porto,Olbia,1396.0,0.0,3055.0,0.0
2019-01-03,Porto,Olbia,1894.0,0.0,2840.0,0.0
2019-01-02,Porto,Olbia,1209.0,0.0,2349.0,0.0
2019-01-01,Porto,Olbia,160.0,0.0,2120.0,0.0
