Aeroporto,Anno,Periodo,Zona,Pass_Arrivo,Pass_Partenza
Alghero,2023,S1,02,54822,51636
Alghero,2023,S1,13 + 14,15010,13877
Alghero,2023,S1,03 + 04,44246,43130
Alghero,2023,S1,12,11455,9874
Alghero,2023,S1,11,7994,7596
Olbia,2023,S1,03,30428,27767
Olbia,2023,S1,04,10297,9605
Olbia,2023,S1,14,47689,38533
Olbia,2023,S1,02,69851,62376
Olbia,2023,S1,13,21958,17741
Olbia,2023,S1,12,13486,10273
Olbia,2023,S1,11,21139,17691
Alghero,2023,S2,03 + 04,31016,28394
Alghero,2023,S2,13 + 14,12995,11413
Alghero,2023,S2,02,33123,29609
Alghero,2023,S2,12,8899,8171
Alghero,2023,S2,11,4876,4285
Olbia,2023,S2,11,30332,26700
Olbia,2023,S2,02,77602,67820
Olbia,2023,S2,13,23294,20680
Olbia,2023,S2,12,20105,18165
Olbia,2023,S2,14,38683,39370
Olbia,2023,S2,04,13704,12450
Olbia,2023,S2,03,37392,31839
Alghero,2023,W1,02,44425,47394
Alghero,2023,W1,03 + 04,38786,39620
Alghero,2023,W1,13 + 14,425,431
Alghero,2023,W1,11 + 12,138,115
Olbia,2023,W1,02,33106,34264
Olbia,2023,W1,03 + 04,32831,32097
Olbia,2023,W1,11 + 12,189,189
Olbia,2023,W1,13 + 14,4,0
Alghero,2022,S1,03 + 04,53758,52548
Alghero,2022,S1,02,43646,42124
Alghero,2022,S1,13 + 14,21687,20279
Alghero,2022,S1,12,5693,4979
Alghero,2022,S1,11,9331,8790
Olbia,2022,S1,02,81187,74759
Olbia,2022,S1,12,16213,12438
Olbia,2022,S1,04,7558,7051
Olbia,2022,S1,11,16931,14712
Olbia,2022,S1,14,53795,43637
Olbia,2022,S1,13,16861,13606
Olbia,2022,S1,03,30588,28161
Alghero,2022,S2,02,29337,26328
Alghero,2022,S2,12,6503,5578
Alghero,2022,S2,11,5601,4906
Alghero,2022,S2,03 + 04,33398,31091
Alghero,2022,S2,13 + 14,14921,13425
Olbia,2022,S2,02,92219,80334
Olbia,2022,S2,04,11410,9818
Olbia,2022,S2,13,19482,17156
Olbia,2022,S2,14,41675,41956
Olbia,2022,S2,12,16403,15305
Olbia,2022,S2,03,29376,26351
Olbia,2022,S2,11,16775,14759
Alghero,2022,S3,02,39623,35722
Alghero,2022,S3,03 + 04,35809,32740
Alghero,2022,S3,11,9304,8442
Alghero,2022,S3,13 + 14,18748,17817
Alghero,2022,S3,12,8471,7900
Olbia,2022,S3,11,38844,33247
Olbia,2022,S3,02,130278,121204
Olbia,2022,S3,04,22949,20647
Olbia,2022,S3,12,28475,25485
Olbia,2022,S3,13,29095,26373
Olbia,2022,S3,03,48708,45797
Olbia,2022,S3,14,43429,39750
Alghero,2022,S4,03 + 04,34406,35772
Alghero,2022,S4,02,36342,39294
Alghero,2022,S4,13 + 14,18199,19578
Alghero,2022,S4,12,6585,7444
Alghero,2022,S4,11,11073,11672
Olbia,2022,S4,14,38065,41997
Olbia,2022,S4,02,124712,134470
Olbia,2022,S4,13,21380,25132
Olbia,2022,S4,04,24527,25534
Olbia,2022,S4,11,39133,44363
Olbia,2022,S4,12,21587,25167
Olbia,2022,S4,03,49050,51820
Alghero,2022,S5,13 + 14,26475,29760
Alghero,2022,S5,03 + 04,58431,64592
Alghero,2022,S5,02,49227,56813
Alghero,2022,S5,11,12130,13604
Alghero,2022,S5,12,8360,9703
Olbia,2022,S5,14,70966,80089
Olbia,2022,S5,13,30696,34437
Olbia,2022,S5,12,29424,35113
Olbia,2022,S5,11,18982,23166
Olbia,2022,S5,03,45653,52979
Olbia,2022,S5,04,10565,13234
Olbia,2022,S5,02,105147,130444
Alghero,2022,W1,02,31577,33286
Alghero,2022,W1,03 + 04,35758,38067
Alghero,2022,W1,13 + 14,3738,3603
Alghero,2022,W1,11 + 12,5280,5228
Olbia,2022,W1,02,31941,33597
Olbia,2022,W1,13 + 14,922,1003
Olbia,2022,W1,11 + 12,75,161
Olbia,2022,W1,03 + 04,23993,24009
Alghero,2022,W2,02,39452,39332
Alghero,2022,W2,03 + 04,34790,36178
Alghero,2022,W2,13 + 14,1116,1393
Alghero,2022,W2,11 + 12,526,699
Olbia,2022,W2,02,34117,34150
Olbia,2022,W2,11 + 12,403,777
Olbia,2022,W2,03 + 04,27677,28318
Olbia,2022,W2,13 + 14,678,2578
Alghero,2021,S1,02,11494,10604
Alghero,2021,S1,03 + 04,12681,13236
Alghero,2021,S1,13 + 14,166,140
Olbia,2021,S1,11,412,277
Olbia,2021,S1,03,14076,13199
Olbia,2021,S1,04,445,286
Olbia,2021,S1,13,1295,494
Olbia,2021,S1,12,88,20
Olbia,2021,S1,02,21271,17639
Olbia,2021,S1,14,3960,1988
Alghero,2021,S1,11,0,22
Alghero,2021,S2,12,481,225
Alghero,2021,S2,03 + 04,13774,12798
Alghero,2021,S2,02,19491,16347
Alghero,2021,S2,13 + 14,7709,5334
Alghero,2021,S2,11,454,310
Olbia,2021,S2,13,7695,5178
Olbia,2021,S2,14,13975,10277
Olbia,2021,S2,04,4604,4014
Olbia,2021,S2,12,531,122
Olbia,2021,S2,03,22169,19131
Olbia,2021,S2,11,5116,3554
Olbia,2021,S2,02,61743,50694
Alghero,2021,S3,03 + 04,28146,25125
Alghero,2021,S3,13 + 14,16068,14022
Alghero,2021,S3,02,34928,29078
Alghero,2021,S3,12,1089,406
Alghero,2021,S3,11,2991,2288
Olbia,2021,S3,11,26012,18597
Olbia,2021,S3,04,18081,15500
Olbia,2021,S3,03,45127,40295
Olbia,2021,S3,02,122028,109106
Olbia,2021,S3,12,4816,3886
Olbia,2021,S3,14,36658,29398
Olbia,2021,S3,13,26113,20283
Alghero,2021,S4,13 + 14,14071,15120
Alghero,2021,S4,02,38985,41732
Alghero,2021,S4,03 + 04,29763,31440
Alghero,2021,S4,11,5984,6334
Alghero,2021,S4,12,1047,1216
Olbia,2021,S4,11,29461,34259
Olbia,2021,S4,12,2623,3711
Olbia,2021,S4,02,123921,136448
Olbia,2021,S4,03,51071,55838
Olbia,2021,S4,14,32924,36095
Olbia,2021,S4,04,27113,28333
Olbia,2021,S4,13,20264,23046
Alghero,2021,S5,02,38775,46863
Alghero,2021,S5,13 + 14,19841,22086
Alghero,2021,S5,03 + 04,41766,47256
Alghero,2021,S5,12,2405,3012
Alghero,2021,S5,11,8020,9115
Olbia,2021,S5,14,67690,78079
Olbia,2021,S5,12,3412,4250
Olbia,2021,S5,02,79652,102677
Olbia,2021,S5,13,29095,33997
Olbia,2021,S5,11,14516,19007
Olbia,2021,S5,04,4619,6824
Olbia,2021,S5,03,32766,40205
Alghero,2021,W1,02,8839,9643
Alghero,2021,W1,03 + 04,10300,11018
Alghero,2021,W1,13 + 14,41,129
Olbia,2021,W1,13 + 14,55,21
Olbia,2021,W1,02,13947,14771
Olbia,2021,W1,03 + 04,10821,11101
Alghero,2021,W2,03 + 04,33758,34105
Alghero,2021,W2,02,28365,26597
Alghero,2021,W2,13 + 14,3723,3927
Alghero,2021,W2,11 + 12,4544,4592
Olbia,2021,W2,13 + 14,1296,2541
Olbia,2021,W2,03 + 04,19409,19836
Olbia,2021,W2,11 + 12,266,441
Olbia,2021,W2,02,29151,27723
Alghero,2020,S2,03 + 04,4974,3985
Alghero,2020,S2,02,5127,3591
Alghero,2020,S2,13 + 14,530,68
Olbia,2020,S2,02,15465,9937
Olbia,2020,S2,03,6507,4631
Olbia,2020,S2,11,295,62
Olbia,2020,S2,04,224,224
Olbia,2020,S2,14,1157,139
Olbia,2020,S2,13,153,57
Alghero,2020,S3,13 + 14,11181,7957
Alghero,2020,S3,02,22410,15863
Alghero,2020,S3,03 + 04,13347,10613
Alghero,2020,S3,12,936,407
Alghero,2020,S3,11,218,128
Olbia,2020,S3,13,6698,4412
Olbia,2020,S3,04,10616,9233
Olbia,2020,S3,14,16641,11609
Olbia,2020,S3,03,24775,19279
Olbia,2020,S3,02,64787,50595
Olbia,2020,S3,11,6464,3806
Olbia,2020,S3,12,1790,794
Alghero,2020,S4,02,31869,33801
Alghero,2020,S4,12,2232,2018
Alghero,2020,S4,03 + 04,17614,19544
Alghero,2020,S4,13 + 14,12511,12372
Alghero,2020,S4,11,523,808
Olbia,2020,S4,02,85745,92627
Olbia,2020,S4,12,10412,9572
Olbia,2020,S4,14,18036,19834
Olbia,2020,S4,04,16038,17309
Olbia,2020,S4,03,29664,33030
Olbia,2020,S4,13,9817,10293
Olbia,2020,S4,11,14417,15865
Alghero,2020,S5,03 + 04,14344,18039
Alghero,2020,S5,02,19594,25694
Alghero,2020,S5,13 + 14,10962,13203
Alghero,2020,S5,12,2341,3177
Olbia,2020,S5,04,3684,5197
Olbia,2020,S5,11,3742,4840
Olbia,2020,S5,14,27184,32197
Olbia,2020,S5,03,14037,19188
Olbia,2020,S5,12,7571,10293
Olbia,2020,S5,13,10561,11890
Olbia,2020,S5,02,41889,57524
Alghero,2020,W1,02,27087,28096
Alghero,2020,W1,03 + 04,38549,39378
Alghero,2020,W1,11 + 12,5693,5664
Alghero,2020,W1,13 + 14,2653,2624
Olbia,2020,W1,02,13641,15760
Olbia,2020,W1,03 + 04,9987,9722
Olbia,2020,W1,13 + 14,450,556
Olbia,2020,W1,11 + 12,1690,1841
Alghero,2020,W2,03 + 04,9578,9215
Alghero,2020,W2,11 + 12,43,54
Alghero,2020,W2,02,7628,6690
Alghero,2020,W2,13 + 14,318,288
Olbia,2020,W2,03 + 04,8029,8591
Olbia,2020,W2,11 + 12,183,565
Olbia,2020,W2,13 + 14,197,1493
Olbia,2020,W2,02,8918,8494
Alghero,2019,S1,02,35771,34494
Alghero,2019,S1,03 + 04,43898,43445
Alghero,2019,S1,12,10662,8497
Alghero,2019,S1,13 + 14,20258,17037
Alghero,2019,S1,11,2048,2167
Olbia,2019,S1,13,24368,19608
Olbia,2019,S1,12,17658,14288
Olbia,2019,S1,04,4427,4415
Olbia,2019,S1,14,64069,51265
Olbia,2019,S1,03,28492,26444
Olbia,2019,S1,11,25908,22539
Olbia,2019,S1,02,54405,50170
Alghero,2019,S2,03 + 04,28049,25115
Alghero,2019,S2,02,28549,24761
Alghero,2019,S2,13 + 14,15088,12371
Alghero,2019,S2,12,10098,9306
Alghero,2019,S2,11,2525,1975
Olbia,2019,S2,11,25773,22725
Olbia,2019,S2,13,25408,21910
Olbia,2019,S2,14,47777,47995
Olbia,2019,S2,03,22689,19298
Olbia,2019,S2,02,67152,56900
Olbia,2019,S2,04,6611,5835
Olbia,2019,S2,12,21688,19199
Alghero,2019,S3,03 + 04,28948,27810
Alghero,2019,S3,02,35200,31716
Alghero,2019,S3,13 + 14,21098,19110
Alghero,2019,S3,11,5698,5109
Alghero,2019,S3,12,11966,11605
Olbia,2019,S3,11,46255,40946
Olbia,2019,S3,04,13583,12753
Olbia,2019,S3,13,30355,28695
Olbia,2019,S3,02,97849,91428
Olbia,2019,S3,12,30976,29796
Olbia,2019,S3,14,53232,49326
Olbia,2019,S3,03,26652,25881
Alghero,2019,S4,02,35024,37646
Alghero,2019,S4,12,9095,9813
Alghero,2019,S4,03 + 04,29480,30512
Alghero,2019,S4,11,5965,5904
Alghero,2019,S4,13 + 14,20304,21016
Olbia,2019,S4,12,23297,26214
Olbia,2019,S4,13,29409,30497
Olbia,2019,S4,14,49041,54199
Olbia,2019,S4,03,26593,28141
Olbia,2019,S4,04,14753,15473
Olbia,2019,S4,02,95046,100345
Olbia,2019,S4,11,50651,57881
Alghero,2019,S5,03 + 04,44399,50224
Alghero,2019,S5,13 + 14,20407,21864
Alghero,2019,S5,02,35209,42579
Alghero,2019,S5,12,11020,13113
Alghero,2019,S5,11,3910,4495
Olbia,2019,S5,03,23872,30037
Olbia,2019,S5,02,72767,90707
Olbia,2019,S5,12,24565,28073
Olbia,2019,S5,04,6955,7678
Olbia,2019,S5,13,35272,42225
Olbia,2019,S5,14,74377,86961
Olbia,2019,S5,11,23853,28363
Alghero,2019,W1,03 + 04,40894,42638
Alghero,2019,W1,02,33562,35651
Olbia,2019,W1,11 + 12,5443,6146
Olbia,2019,W1,03 + 04,30913,29795
Olbia,2019,W1,13 + 14,5212,5194
Olbia,2019,W1,02,39958,41938
Alghero,2019,W2,02,28972,28315
Alghero,2019,W2,03 + 04,38465,39088
Alghero,2019,W2,13 + 14,2802,3502
Olbia,2019,W2,13 + 14,2049,3426
Olbia,2019,W2,11 + 12,4613,6165
Olbia,2019,W2,03 + 04,21457,21904
Olbia,2019,W2,02,34880,33219
Alghero,2018,S1,13 + 14,22883,19443
Alghero,2018,S1,03 + 04,46141,45482
Alghero,2018,S1,02,41889,40935
Alghero,2018,S1,12,13617,11053
Alghero,2018,S1,11,2346,2543
Olbia,2018,S1,12,19653,15343
Olbia,2018,S1,11,25671,22116
Olbia,2018,S1,02,68836,63124
Olbia,2018,S1,04,6512,6233
Olbia,2018,S1,13,29003,23179
Olbia,2018,S1,14,54063,44751
Olbia,2018,S1,03,32743,30484
Alghero,2018,S2,13 + 14,16946,13952
Alghero,2018,S2,03 + 04,25907,24969
Alghero,2018,S2,02,28268,25044
Alghero,2018,S2,12,12413,11587
Alghero,2018,S2,11,1712,1484
Olbia,2018,S2,02,72494,60061
Olbia,2018,S2,13,28886,24412
Olbia,2018,S2,11,25486,22640
Olbia,2018,S2,04,8586,7145
Olbia,2018,S2,03,24811,21983
Olbia,2018,S2,12,25584,23134
Olbia,2018,S2,14,41807,41004
Alghero,2018,S3,03 + 04,26337,26238
Alghero,2018,S3,13 + 14,20131,17773
Alghero,2018,S3,02,33985,30717
Alghero,2018,S3,12,11850,11511
Alghero,2018,S3,11,3138,3130
Olbia,2018,S3,14,46007,42728
Olbia,2018,S3,04,12689,11599
Olbia,2018,S3,12,32905,31138
Olbia,2018,S3,13,35304,33113
Olbia,2018,S3,11,44464,39400
Olbia,2018,S3,03,28523,28052
Olbia,2018,S3,02,98201,91539
Alghero,2018,S4,12,11339,11803
Alghero,2018,S4,02,33168,35408
Alghero,2018,S4,03 + 04,27498,29560
Alghero,2018,S4,13 + 14,18727,18709
Alghero,2018,S4,11,3230,3209
Olbia,2018,S4,14,43369,47801
Olbia,2018,S4,12,25202,27904
Olbia,2018,S4,04,13876,14280
Olbia,2018,S4,13,32789,33903
Olbia,2018,S4,11,47501,54002
Olbia,2018,S4,02,94508,99685
Olbia,2018,S4,03,29898,31238
Alghero,2018,S5,12,14041,16916
Alghero,2018,S5,02,40512,50044
Alghero,2018,S5,13 + 14,24811,25855
Alghero,2018,S5,03 + 04,39230,45408
Alghero,2018,S5,11,3469,4200
Olbia,2018,S5,13,44500,52786
Olbia,2018,S5,14,65131,76528
Olbia,2018,S5,03,28137,34406
Olbia,2018,S5,12,30761,35732
Olbia,2018,S5,11,25529,32574
Olbia,2018,S5,02,75999,95506
Olbia,2018,S5,04,8397,9991
Alghero,2018,W1,03 + 04,37008,39123
Alghero,2018,W1,02,27205,28499
Olbia,2018,W1,13 + 14,2127,1860
Olbia,2018,W1,02,37813,39622
Olbia,2018,W1,11 + 12,4759,4950
Olbia,2018,W1,03 + 04,28137,27962
Alghero,2018,W2,02,28090,27958
Alghero,2018,W2,03 + 04,33647,34537
Olbia,2018,W2,13 + 14,3879,5272
Olbia,2018,W2,11 + 12,4591,5928
Olbia,2018,W2,02,33871,32359
Olbia,2018,W2,03 + 04,25336,25954
Alghero,2018,W2,13 + 14,0,184
Alghero,2017,S1,13 + 14,18365,16284
Alghero,2017,S1,02,39501,37182
Alghero,2017,S1,03 + 04,51524,49930
Alghero,2017,S1,12,11739,8915
Olbia,2017,S1,14,44986,37023
Olbia,2017,S1,02,62940,57384
Olbia,2017,S1,11,21993,18782
Olbia,2017,S1,04,3367,3117
Olbia,2017,S1,13,25383,20736
Olbia,2017,S1,03,31612,29012
Olbia,2017,S1,12,14583,11197
Alghero,2017,S2,12,12139,11668
Alghero,2017,S2,13 + 14,11590,9945
Alghero,2017,S2,02,27458,23913
Alghero,2017,S2,03 + 04,28473,26282
Olbia,2017,S2,04,7829,6513
Olbia,2017,S2,03,23415,20256
Olbia,2017,S2,11,22769,20569
Olbia,2017,S2,12,21717,18723
Olbia,2017,S2,02,72567,59358
Olbia,2017,S2,13,27039,23029
Olbia,2017,S2,14,33592,32443
Alghero,2017,S3,13 + 14,17061,15440
Alghero,2017,S3,12,13376,13103
Alghero,2017,S3,03 + 04,29492,28345
Alghero,2017,S3,02,36659,32038
Alghero,2017,S3,11,1131,808
Olbia,2017,S3,02,96621,90258
Olbia,2017,S3,14,42571,39056
Olbia,2017,S3,04,15191,13630
Olbia,2017,S3,11,40264,35922
Olbia,2017,S3,13,36940,33810
Olbia,2017,S3,03,29755,28153
Olbia,2017,S3,12,31759,28958
Alghero,2017,S4,12,12921,13479
Alghero,2017,S4,13 + 14,15638,16555
Alghero,2017,S4,02,33762,36783
Alghero,2017,S4,03 + 04,29456,30940
Alghero,2017,S4,11,666,733
Olbia,2017,S4,11,42181,47388
Olbia,2017,S4,03,30623,32008
Olbia,2017,S4,04,17722,18645
Olbia,2017,S4,14,41454,45650
Olbia,2017,S4,02,91227,97581
Olbia,2017,S4,13,29983,31651
Olbia,2017,S4,12,25526,27653
Alghero,2017,S5,02,38402,47371
Alghero,2017,S5,13 + 14,17432,19110
Alghero,2017,S5,03 + 04,45027,50602
Alghero,2017,S5,12,15168,17859
Alghero,2017,S5,11,173,294
Olbia,2017,S5,13,38925,46800
Olbia,2017,S5,12,26635,31976
Olbia,2017,S5,11,26580,33594
Olbia,2017,S5,14,59019,67870
Olbia,2017,S5,02,74921,96214
Olbia,2017,S5,03,31285,37195
Olbia,2017,S5,04,8428,11010
Alghero,2017,W1,02,28349,29723
Alghero,2017,W1,03 + 04,46769,49627
Olbia,2017,W1,02,36284,37772
Olbia,2017,W1,03 + 04,25848,25548
Olbia,2017,W1,11 + 12,317,293
Olbia,2017,W1,13 + 14,2257,2371
Alghero,2017,W2,03 + 04,31445,32125
Alghero,2017,W2,02,25646,25292
Alghero,2017,W2,13 + 14,360,551
Olbia,2017,W2,02,33799,32759
Olbia,2017,W2,13 + 14,2163,4259
Olbia,2017,W2,11 + 12,4007,4792
Olbia,2017,W2,03 + 04,24208,25271
Alghero,2016,S1,12,10129,7766
Alghero,2016,S1,02,32093,31742
Alghero,2016,S1,13 + 14,15100,13861
Alghero,2016,S1,03 + 04,49788,48975
Olbia,2016,S1,12,8740,6726
Olbia,2016,S1,02,50537,48512
Olbia,2016,S1,03,25836,25466
Olbia,2016,S1,11,23083,19801
Olbia,2016,S1,14,41224,35049
Olbia,2016,S1,04,2410,2002
Olbia,2016,S1,13,17084,13988
Alghero,2016,S2,03 + 04,29928,27678
Alghero,2016,S2,02,24047,21204
Alghero,2016,S2,13 + 14,8735,7779
Alghero,2016,S2,12,11748,11156
Alghero,2016,S2,11,744,469
Olbia,2016,S2,03,22294,19578
Olbia,2016,S2,11,17243,16234
Olbia,2016,S2,14,30949,29919
Olbia,2016,S2,13,22862,18551
Olbia,2016,S2,12,15724,13678
Olbia,2016,S2,02,64590,54323
Olbia,2016,S2,04,5719,4652
Alghero,2016,S3,03 + 04,31991,30225
Alghero,2016,S3,02,28955,25117
Alghero,2016,S3,12,11679,11458
Alghero,2016,S3,13 + 14,14318,12975
Alghero,2016,S3,11,2100,1346
Olbia,2016,S3,04,12317,10651
Olbia,2016,S3,12,23629,21872
Olbia,2016,S3,11,42441,36175
Olbia,2016,S3,14,37322,34307
Olbia,2016,S3,13,34425,31425
Olbia,2016,S3,02,93990,85525
Olbia,2016,S3,03,30176,28044
Alghero,2016,S4,03 + 04,30592,32875
Alghero,2016,S4,12,12645,13356
Alghero,2016,S4,11,2712,2531
Alghero,2016,S4,02,27297,29667
Alghero,2016,S4,13 + 14,13356,14617
Olbia,2016,S4,02,94404,103601
Olbia,2016,S4,12,19666,21136
Olbia,2016,S4,14,34796,36944
Olbia,2016,S4,11,41501,48377
Olbia,2016,S4,03,33091,36846
Olbia,2016,S4,13,27516,29458
Olbia,2016,S4,04,16940,17572
Alghero,2016,S5,03 + 04,45957,51182
Alghero,2016,S5,02,34575,42003
Alghero,2016,S5,13 + 14,16410,17715
Alghero,2016,S5,12,13452,15404
Alghero,2016,S5,11,1669,1586
Olbia,2016,S5,04,6110,8123
Olbia,2016,S5,14,54900,63249
Olbia,2016,S5,13,35626,42515
Olbia,2016,S5,03,29873,36623
Olbia,2016,S5,11,24611,31469
Olbia,2016,S5,02,66216,85867
Olbia,2016,S5,12,17293,21630
Olbia,2016,W1,13 + 14,3459,1679
Alghero,2016,W1,03 + 04,56858,55760
Alghero,2016,W1,13 + 14,7823,7543
Olbia,2016,W1,03 + 04,24767,23793
Olbia,2016,W1,11 + 12,103,166
Olbia,2016,W1,02,28773,27723
Alghero,2016,W1,11 + 12,15128,15531
Alghero,2016,W1,02,38139,38949
Alghero,2016,W2,02,24834,25145
Alghero,2016,W2,03 + 04,39392,40115
Alghero,2016,W2,13 + 14,809,1412
Alghero,2016,W2,11 + 12,342,509
Olbia,2016,W2,13 + 14,2393,4374
Olbia,2016,W2,02,31078,30676
Olbia,2016,W2,03 + 04,21892,22912
Olbia,2015,S1,02,49271,43168
Olbia,2015,S1,04,1999,1785
Alghero,2015,S1,02,47388,44754
Alghero,2015,S1,12,18476,15736
Olbia,2015,S1,13,15060,11650
Alghero,2015,S1,11,12735,12516
Alghero,2015,S1,03 + 04,58431,55088
Olbia,2015,S1,14,36712,29306
Olbia,2015,S1,03,25373,23317
Alghero,2015,S1,13 + 14,23718,20948
Olbia,2015,S1,12,7850,5985
Olbia,2015,S1,11,16096,13669
Alghero,2015,S2,02,29389,26819
Olbia,2015,S2,13,18559,16592
Alghero,2015,S2,11,6234,5683
Alghero,2015,S2,03 + 04,31580,29568
Alghero,2015,S2,13 + 14,12405,11795
Olbia,2015,S2,12,12591,11039
Alghero,2015,S2,12,16864,15036
Olbia,2015,S2,03,21363,19364
Olbia,2015,S2,04,4639,3255
Olbia,2015,S2,02,55271,47923
Olbia,2015,S2,14,25932,25484
Olbia,2015,S2,11,14258,13284
Alghero,2015,S3,13 + 14,16330,14021
Olbia,2015,S3,03,32825,29895
Alghero,2015,S3,11,7185,6327
Alghero,2015,S3,12,18653,18495
Alghero,2015,S3,03 + 04,36417,32805
Olbia,2015,S3,14,29493,26295
Olbia,2015,S3,11,31740,25437
Alghero,2015,S3,02,35799,31304
Olbia,2015,S3,02,87890,77934
Olbia,2015,S3,12,19130,17319
Olbia,2015,S3,04,10121,8976
Olbia,2015,S3,13,29299,26709
Olbia,2015,S4,04,15017,15558
Alghero,2015,S4,03 + 04,35546,37059
Alghero,2015,S4,02,36524,38754
Olbia,2015,S4,02,89520,97195
Olbia,2015,S4,13,26187,28894
Olbia,2015,S4,03,32699,35699
Alghero,2015,S4,13 + 14,15866,16781
Olbia,2015,S4,11,31820,37324
Alghero,2015,S4,11,7361,7829
Alghero,2015,S4,12,16238,16879
Olbia,2015,S4,14,31124,32335
Olbia,2015,S4,12,16367,17775
Alghero,2015,S5,03 + 04,50433,56203
Olbia,2015,S5,14,41734,47909
Alghero,2015,S5,02,43230,52362
Olbia,2015,S5,03,25044,30916
Olbia,2015,S5,12,13470,16524
Olbia,2015,S5,11,17695,21207
Olbia,2015,S5,13,26455,33312
Alghero,2015,S5,12,18498,21387
Alghero,2015,S5,13 + 14,21985,24292
Alghero,2015,S5,11,10952,12148
Olbia,2015,S5,04,3595,5635
Olbia,2015,S5,02,54764,75018
Alghero,2015,W1,03 + 04,55768,56033
Olbia,2015,W1,11 + 12,388,395
Alghero,2015,W1,02,36367,37576
Olbia,2015,W1,02,27290,28796
Alghero,2015,W1,11 + 12,15062,15343
Olbia,2015,W1,13 + 14,3055,2011
Olbia,2015,W1,03 + 04,22573,22733
Alghero,2015,W1,13 + 14,7139,6844
Alghero,2015,W2,02,27198,26993
Alghero,2015,W2,11 + 12,10635,10721
Olbia,2015,W2,03 + 04,23275,24212
Olbia,2015,W2,11 + 12,2289,4631
Olbia,2015,W2,13 + 14,4386,8967
Alghero,2015,W2,03 + 04,38830,39945
Alghero,2015,W2,13 + 14,5478,6318
Olbia,2015,W2,02,30755,30207
Alghero,2014,S1,12,20949,17898
Alghero,2014,S1,13 + 14,22880,19962
Alghero,2014,S1,11,14878,13709
Olbia,2014,S1,14,31404,24859
Olbia,2014,S1,02,43894,41278
Olbia,2014,S1,03,26245,24973
Olbia,2014,S1,11,18241,15615
Alghero,2014,S1,02,44298,41444
Olbia,2014,S1,13,15183,11732
Olbia,2014,S1,04,1282,1178
Alghero,2014,S1,03 + 04,46997,45835
Olbia,2014,S1,12,8246,6780
Olbia,2014,S2,03,22188,20484
Olbia,2014,S2,11,13715,13986
Alghero,2014,S2,11,7235,6643
Olbia,2014,S2,02,54547,44134
Olbia,2014,S2,13,16125,15010
Alghero,2014,S2,02,29475,25569
Olbia,2014,S2,14,25840,24865
Alghero,2014,S2,12,15984,14171
Olbia,2014,S2,12,9286,8327
Alghero,2014,S2,13 + 14,12431,12249
Alghero,2014,S2,03 + 04,27746,26111
Olbia,2014,S2,04,6090,4609
Alghero,2014,S3,03 + 04,30972,28569
Olbia,2014,S3,02,79625,73649
Alghero,2014,S3,12,23037,21980
Alghero,2014,S3,13 + 14,16070,13209
Olbia,2014,S3,03,29308,26871
Olbia,2014,S3,04,10330,9418
Alghero,2014,S3,02,34186,29289
Olbia,2014,S3,14,28369,24524
Olbia,2014,S3,11,27960,23191
Olbia,2014,S3,12,15925,13920
Olbia,2014,S3,13,23505,20756
Alghero,2014,S3,11,9697,8438
Alghero,2014,S4,03 + 04,33433,34554
Alghero,2014,S4,11,10074,10657
Olbia,2014,S4,14,30484,31387
Alghero,2014,S4,12,17056,19349
Olbia,2014,S4,12,14938,15998
Olbia,2014,S4,11,32056,36338
Alghero,2014,S4,02,34280,35207
Alghero,2014,S4,13 + 14,15889,17061
Olbia,2014,S4,02,83343,90975
Olbia,2014,S4,03,30852,33882
Olbia,2014,S4,13,22732,24497
Olbia,2014,S4,04,14730,15860
Alghero,2014,S5,12,21278,23941
Olbia,2014,S5,02,52001,69385
Olbia,2014,S5,04,4385,6049
Alghero,2014,S5,13 + 14,24983,27359
Olbia,2014,S5,03,26250,31437
Olbia,2014,S5,12,11391,14398
Olbia,2014,S5,14,41890,49212
Alghero,2014,S5,11,14478,16116
Olbia,2014,S5,11,19613,23238
Alghero,2014,S5,02,38237,45759
Alghero,2014,S5,03 + 04,44378,50805
Olbia,2014,S5,13,22014,27382
Alghero,2014,W1,11 + 12,15093,15684
Alghero,2014,W1,13 + 14,5976,5981
Olbia,2014,W1,03 + 04,26873,27410
Alghero,2014,W1,03 + 04,41871,42902
Olbia,2014,W1,02,31696,33968
Olbia,2014,W1,13 + 14,2601,2579
Alghero,2014,W1,02,33955,34288
Olbia,2014,W1,11 + 12,1371,1696
Alghero,2014,W2,03 + 04,47245,46303
Olbia,2014,W2,02,26524,26316
Olbia,2014,W2,11 + 12,79,1437
Olbia,2014,W2,13 + 14,2298,4902
Olbia,2014,W2,03 + 04,20811,21434
Alghero,2014,W2,11 + 12,12020,13426
Alghero,2014,W2,13 + 14,7000,9117
Alghero,2014,W2,02,31463,30748
Alghero,2013,S1,12,19434,18012
Alghero,2013,S1,11,9552,9585
Alghero,2013,S1,13 + 14,24443,23241
Olbia,2013,S1,11,16823,13744
Alghero,2013,S1,02,36183,34353
Olbia,2013,S1,02,38723,38630
Olbia,2013,S1,14,29176,22762
Olbia,2013,S1,12,7399,5691
Olbia,2013,S1,03,23094,23410
Olbia,2013,S1,04,1520,1679
Alghero,2013,S1,03 + 04,46383,45305
Olbia,2013,S1,13,10789,8976
Alghero,2013,S2,03 + 04,29718,26981
Olbia,2013,S2,12,9582,8918
Olbia,2013,S2,04,5188,3879
Alghero,2013,S2,13 + 14,11931,11801
Alghero,2013,S2,11,5863,5567
Olbia,2013,S2,13,12775,11971
Olbia,2013,S2,02,53733,42532
Alghero,2013,S2,02,29480,24488
Olbia,2013,S2,03,21672,18903
Alghero,2013,S2,12,15227,13526
Olbia,2013,S2,14,26029,24435
Olbia,2013,S2,11,12776,12376
Alghero,2013,S3,03 + 04,32896,30427
Alghero,2013,S3,02,34725,30736
Olbia,2013,S3,04,8667,8095
Alghero,2013,S3,13 + 14,16421,13721
Olbia,2013,S3,03,28559,27707
Olbia,2013,S3,13,17812,16689
Alghero,2013,S3,11,7502,6682
Olbia,2013,S3,12,12894,11829
Olbia,2013,S3,11,25732,21099
Olbia,2013,S3,14,25170,24408
Olbia,2013,S3,02,74069,69942
Alghero,2013,S3,12,19685,19195
Olbia,2013,S4,13,16405,18783
Alghero,2013,S4,02,34332,35698
Alghero,2013,S4,11,9977,10324
Olbia,2013,S4,14,26160,26467
Olbia,2013,S4,12,12871,13721
Alghero,2013,S4,03 + 04,32666,33399
Alghero,2013,S4,13 + 14,15645,18022
Alghero,2013,S4,12,14740,16676
Olbia,2013,S4,11,29240,33106
Olbia,2013,S4,04,12997,13835
Olbia,2013,S4,02,84513,88837
Olbia,2013,S4,03,30857,32416
Alghero,2013,S5,02,32147,40181
Olbia,2013,S5,04,3921,5362
Olbia,2013,S5,13,16096,20285
Olbia,2013,S5,14,39374,44912
Olbia,2013,S5,12,10800,13313
Olbia,2013,S5,11,16719,19884
Alghero,2013,S5,13 + 14,25260,27522
Alghero,2013,S5,12,19534,22863
Olbia,2013,S5,03,25657,32037
Alghero,2013,S5,11,11961,13066
Alghero,2013,S5,03 + 04,41347,47341
Olbia,2013,S5,02,52645,70569
Alghero,2013,W1,03 + 04,45616,42572
Alghero,2013,W1,13 + 14,9241,7972
Alghero,2013,W1,02,35218,34115
Olbia,2013,W1,11 + 12,606,607
Alghero,2013,W1,11 + 12,15599,14262
Olbia,2013,W1,02,30825,28860
Olbia,2013,W1,03 + 04,24787,24954
Olbia,2013,W1,13 + 14,5342,4601
Alghero,2013,W2,13 + 14,6837,8969
Alghero,2013,W2,03 + 04,28095,28697
Olbia,2013,W2,11 + 12,989,1890
Olbia,2013,W2,13 + 14,2595,5398
Alghero,2013,W2,11 + 12,14789,15800
Olbia,2013,W2,02,26037,26065
Alghero,2013,W2,02,30575,29256
Olbia,2013,W2,03 + 04,24483,25085
Olbia,2012,S1,13,11543,9542
Alghero,2012,S1,13 + 14,23638,21034
Olbia,2012,S1,03,20216,19077
Olbia,2012,S1,12,4387,3202
Alghero,2012,S1,03 + 04,51579,50043
Alghero,2012,S1,02,39821,38034
Alghero,2012,S1,12,21142,18982
Alghero,2012,S1,11,12298,11997
Olbia,2012,S1,04,1979,2329
Olbia,2012,S1,14,32366,26170
Olbia,2012,S1,11,14361,11668
Olbia,2012,S1,02,47693,44182
Alghero,2012,S2,02,27765,22736
Olbia,2012,S2,13,12112,11248
Olbia,2012,S2,03,21931,18204
Olbia,2012,S2,11,13688,12823
Alghero,2012,S2,11,6102,5379
Alghero,2012,S2,12,14802,13373
Alghero,2012,S2,13 + 14,11443,11337
Olbia,2012,S2,12,6878,6060
Olbia,2012,S2,02,52954,40724
Alghero,2012,S2,03 + 04,27441,24624
Olbia,2012,S2,14,21539,21500
Olbia,2012,S2,04,4778,3973
Olbia,2012,S3,04,9413,8220
Olbia,2012,S3,02,73749,69975
Olbia,2012,S3,03,31013,30810
Olbia,2012,S3,14,21790,20518
Alghero,2012,S3,03 + 04,30090,28460
Alghero,2012,S3,13 + 14,15315,13018
Alghero,2012,S3,02,33040,29648
Olbia,2012,S3,13,14466,13607
Alghero,2012,S3,11,7231,6758
Alghero,2012,S3,12,17726,16759
Olbia,2012,S3,11,21950,18887
Olbia,2012,S3,12,10182,9423
Olbia,2012,S4,12,10016,10642
Olbia,2012,S4,11,24812,27628
Alghero,2012,S4,11,8318,8767
Olbia,2012,S4,14,21652,22569
Olbia,2012,S4,13,13316,14420
Olbia,2012,S4,03,31780,33521
Alghero,2012,S4,03 + 04,30571,31092
Alghero,2012,S4,12,16208,18527
Alghero,2012,S4,13 + 14,12823,14434
Olbia,2012,S4,02,82777,85860
Olbia,2012,S4,04,14392,14842
Alghero,2012,S4,02,33238,34513
Olbia,2012,S5,02,49053,68222
Olbia,2012,S5,12,8397,10566
Alghero,2012,S5,11,10388,11460
Alghero,2012,S5,12,19678,23097
Olbia,2012,S5,14,36826,42142
Olbia,2012,S5,04,4616,6301
Alghero,2012,S5,03 + 04,42483,47674
Olbia,2012,S5,13,14534,17892
Alghero,2012,S5,02,35267,43497
Alghero,2012,S5,13 + 14,21656,24528
Olbia,2012,S5,11,17006,20213
Olbia,2012,S5,03,26291,33118
Olbia,2012,W1,02,26267,27190
Alghero,2012,W1,02,33862,34199
Olbia,2012,W1,13 + 14,3613,3449
Olbia,2012,W1,03 + 04,20804,20847
Alghero,2012,W1,03 + 04,44387,45539
Alghero,2012,W1,13 + 14,5777,5324
Olbia,2012,W1,11 + 12,628,655
Alghero,2012,W1,11 + 12,13115,13043
Alghero,2012,W2,11 + 12,12101,12710
Olbia,2012,W2,13 + 14,3312,4569
Alghero,2012,W2,13 + 14,6683,7485
Alghero,2012,W2,03 + 04,37145,35686
Olbia,2012,W2,03 + 04,20139,21079
Olbia,2012,W2,11 + 12,800,2173
Alghero,2012,W2,02,29159,28957
Olbia,2012,W2,02,25011,24529
Alghero,2011,S1,02,35891,33804
Alghero,2011,S1,12,18345,16159
Alghero,2011,S1,03 + 04,51413,49446
Olbia,2011,S1,02,43185,40823
Olbia,2011,S1,11,7915,6547
Olbia,2011,S1,12,6054,4875
Olbia,2011,S1,14,31822,25842
Olbia,2011,S1,03,29723,29079
Olbia,2011,S1,13,6607,5236
Olbia,2011,S1,04,1632,1523
Alghero,2011,S1,13 + 14,19055,17285
Alghero,2011,S1,11,11529,11317
Alghero,2011,S2,03 + 04,27914,25364
Alghero,2011,S2,11,6247,5770
Olbia,2011,S2,14,19025,18961
Alghero,2011,S2,12,13134,11842
Alghero,2011,S2,02,25561,22182
Olbia,2011,S2,02,46213,38420
Olbia,2011,S2,13,5608,5947
Alghero,2011,S2,13 + 14,9579,9096
Olbia,2011,S2,04,4948,4342
Olbia,2011,S2,12,4648,4450
Olbia,2011,S2,03,22189,19616
Olbia,2011,S2,11,8967,7942
Olbia,2011,S3,13,11197,11150
Olbia,2011,S3,11,17073,14677
Olbia,2011,S3,04,9515,8408
Alghero,2011,S3,11,8018,7525
Alghero,2011,S3,13 + 14,11643,10021
Olbia,2011,S3,14,22816,20902
Olbia,2011,S3,03,33955,31713
Olbia,2011,S3,12,7291,7066
Alghero,2011,S3,03 + 04,33290,30678
Alghero,2011,S3,12,14764,14287
Alghero,2011,S3,02,31299,27412
Olbia,2011,S3,02,71591,65451
Alghero,2011,S4,03 + 04,32575,34034
Alghero,2011,S4,02,30941,32260
Olbia,2011,S4,11,15331,17466
Olbia,2011,S4,03,29328,31697
Alghero,2011,S4,12,13512,15453
Olbia,2011,S4,12,7030,7132
Olbia,2011,S4,14,19479,19870
Olbia,2011,S4,13,7363,8170
Alghero,2011,S4,13 + 14,11419,11995
Olbia,2011,S4,02,63322,67606
Alghero,2011,S4,11,10180,10075
Olbia,2011,S4,04,12212,12780
Olbia,2011,S5,13,8867,11086
Olbia,2011,S5,11,14791,17106
Olbia,2011,S5,04,3217,4311
Olbia,2011,S5,12,6836,8265
Alghero,2011,S5,02,37223,43368
Olbia,2011,S5,14,38244,44351
Alghero,2011,S5,13 + 14,19014,21449
Olbia,2011,S5,02,45041,58661
Olbia,2011,S5,03,28824,34997
Alghero,2011,S5,03 + 04,49102,54347
Alghero,2011,S5,11,12517,12994
Alghero,2011,S5,12,17466,20404
Alghero,2011,W1,13 + 14,6663,6675
Alghero,2011,W1,03 + 04,47544,47572
Olbia,2011,W1,02,23823,26232
Alghero,2011,W1,02,35801,36704
Alghero,2011,W1,11 + 12,21901,21929
Olbia,2011,W1,13 + 14,5134,4870
Olbia,2011,W1,03 + 04,25788,26672
Olbia,2011,W1,11 + 12,561,559
Alghero,2011,W2,13 + 14,5072,5670
Olbia,2011,W2,13 + 14,2953,4658
Alghero,2011,W2,02,30335,28710
Alghero,2011,W2,11 + 12,11444,12009
Alghero,2011,W2,03 + 04,39841,40165
Olbia,2011,W2,02,20689,20830
Olbia,2011,W2,03 + 04,20972,22356
Alghero,2010,S1,03 + 04,48157,46717
Alghero,2010,S1,02,28321,26311
Alghero,2010,S1,13 + 14,16972,14490
Alghero,2010,S1,12,13736,11801
Alghero,2010,S1,11,9156,9003
Olbia,2010,S1,02,36704,33362
Olbia,2010,S1,03,28911,27648
Olbia,2010,S1,13,8399,6688
Olbia,2010,S1,12,4744,3508
Olbia,2010,S1,11,3310,2873
Olbia,2010,S1,04,0,2
Olbia,2010,S1,14,30800,26019
Alghero,2010,S2,13 + 14,8476,8884
Alghero,2010,S2,02,19208,17569
Alghero,2010,S2,11,6521,5656
Alghero,2010,S2,03 + 04,24847,23444
Alghero,2010,S2,12,12885,11355
Olbia,2010,S2,13,6246,6255
Olbia,2010,S2,02,40106,36799
Olbia,2010,S2,12,5983,5579
Olbia,2010,S2,11,4869,3811
Olbia,2010,S2,04,4033,3309
Olbia,2010,S2,03,20394,19392
Olbia,2010,S2,14,16612,18125
Alghero,2010,S3,13 + 14,13425,11052
Alghero,2010,S3,03 + 04,27817,25815
Alghero,2010,S3,02,24866,21312
Alghero,2010,S3,11,9858,9229
Alghero,2010,S3,12,16926,16474
Olbia,2010,S3,02,60315,54503
Olbia,2010,S3,04,8258,7844
Olbia,2010,S3,12,7682,7101
Olbia,2010,S3,13,10123,9564
Olbia,2010,S3,03,30471,27398
Olbia,2010,S3,14,19449,18367
Olbia,2010,S3,11,11909,9738
Alghero,2010,S4,02,28206,29232
Alghero,2010,S4,12,14601,16400
Alghero,2010,S4,03 + 04,28208,30182
Alghero,2010,S4,11,9881,10233
Olbia,2010,S4,03,26430,27857
Olbia,2010,S4,13,7001,7526
Alghero,2010,S4,13 + 14,11541,13280
Olbia,2010,S4,02,56983,59555
Olbia,2010,S4,14,16509,17786
Olbia,2010,S4,04,10674,11069
Olbia,2010,S4,11,10934,12410
Olbia,2010,S4,12,6365,6778
Olbia,2010,S5,02,38455,48076
Alghero,2010,S5,03 + 04,45886,49714
Alghero,2010,S5,11,12618,13736
Olbia,2010,S5,13,8925,11045
Alghero,2010,S5,13 + 14,19936,22036
Alghero,2010,S5,02,30127,35527
Olbia,2010,S5,14,34482,40043
Olbia,2010,S5,04,1100,1892
Alghero,2010,S5,12,18649,21295
Olbia,2010,S5,12,7649,9336
Olbia,2010,S5,03,28657,33670
Olbia,2010,S5,11,8375,9645
Alghero,2010,W1,02,33933,35325
Alghero,2010,W1,03 + 04,51883,52754
Alghero,2010,W1,11 + 12,13946,13697
Alghero,2010,W1,13 + 14,4248,3878
Olbia,2010,W1,13 + 14,7078,5602
Olbia,2010,W1,11 + 12,801,967
Olbia,2010,W1,02,20473,22426
Olbia,2010,W1,03 + 04,26215,27934
Alghero,2010,W2,02,25110,24887
Alghero,2010,W2,11 + 12,11448,11291
Alghero,2010,W2,03 + 04,34719,35130
Alghero,2010,W2,13 + 14,4775,5350
Olbia,2010,W2,11 + 12,185,524
Olbia,2010,W2,13 + 14,4452,5351
Olbia,2010,W2,02,18117,18179
Olbia,2010,W2,03 + 04,21263,22275
Alghero,2009,S1,12,19765,17971
Alghero,2009,S1,03 + 04,50653,48614
Alghero,2009,S1,02,32238,28889
Alghero,2009,S1,11,15730,15250
Alghero,2009,S1,13 + 14,18411,16713
Olbia,2009,S1,11,4847,4437
Olbia,2009,S1,12,7110,5541
Olbia,2009,S1,03,32767,31043
Olbia,2009,S1,02,39525,35559
Olbia,2009,S1,13,3969,3081
Olbia,2009,S1,14,32136,27365
Alghero,2009,S2,03 + 04,28906,27198
Alghero,2009,S2,12,13470,12841
Alghero,2009,S2,02,21089,19173
Alghero,2009,S2,11,9324,8143
Alghero,2009,S2,13 + 14,13712,12945
Olbia,2009,S2,04,2279,1836
Olbia,2009,S2,02,42146,39093
Olbia,2009,S2,03,23396,22961
Olbia,2009,S2,13,6786,5716
Olbia,2009,S2,12,7366,7263
Olbia,2009,S2,11,2405,1840
Olbia,2009,S2,14,18319,19247
Alghero,2009,S3,11,11916,10787
Alghero,2009,S3,02,24118,21386
Alghero,2009,S3,03 + 04,30359,27464
Alghero,2009,S3,13 + 14,17143,13991
Alghero,2009,S3,12,17506,17129
Olbia,2009,S3,13,11095,10198
Olbia,2009,S3,03,29025,26623
Olbia,2009,S3,14,19224,18220
Olbia,2009,S3,02,57553,52628
Olbia,2009,S3,12,10125,8841
Olbia,2009,S3,04,7833,6887
Olbia,2009,S3,11,6345,4273
Alghero,2009,S4,11,11314,11369
Alghero,2009,S4,03 + 04,31805,32562
Alghero,2009,S4,13 + 14,16184,18195
Alghero,2009,S4,12,15789,18280
Alghero,2009,S4,02,25237,25731
Olbia,2009,S4,13,10075,11644
Olbia,2009,S4,02,61553,67762
Olbia,2009,S4,04,11772,12675
Olbia,2009,S4,11,7625,8760
Olbia,2009,S4,03,31342,33846
Olbia,2009,S4,14,19518,20450
Olbia,2009,S4,12,11170,11804
Alghero,2009,S5,03 + 04,43754,47433
Alghero,2009,S5,02,28897,33299
Alghero,2009,S5,13 + 14,23462,26929
Alghero,2009,S5,11,15261,16629
Alghero,2009,S5,12,19557,22555
Olbia,2009,S5,12,8339,10919
Olbia,2009,S5,04,1670,2066
Olbia,2009,S5,11,3473,4657
Olbia,2009,S5,13,7592,9831
Olbia,2009,S5,14,31347,36426
Olbia,2009,S5,02,33728,44640
Olbia,2009,S5,03,27602,32538
Alghero,2009,W1,02,27795,29296
Alghero,2009,W1,03 + 04,48186,48860
Alghero,2009,W1,11 + 12,20239,19369
Alghero,2009,W1,13 + 14,2316,2436
Olbia,2009,W1,03 + 04,30626,31259
Olbia,2009,W1,11 + 12,820,855
Olbia,2009,W1,02,23557,25901
Olbia,2009,W1,13 + 14,10085,9426
Alghero,2009,W2,03 + 04,47554,46503
Alghero,2009,W2,02,30118,29435
Alghero,2009,W2,11 + 12,10668,11184
Alghero,2009,W2,13 + 14,2385,2706
Olbia,2009,W2,02,18422,19117
Olbia,2009,W2,13 + 14,4226,5763
Olbia,2009,W2,03 + 04,23067,23972
Olbia,2009,W2,11 + 12,229,425
